Workbook

Sheet compare
A1: 10 base
A2: # Contrast | B2: # Possible | C2: Total Sig | D2: #Uni Sig | E2: #Pre Sig | F2: Total Rel | G2: #Uni Rel | H2: #Pre Rel | I2: #pv | J2: #v | K2: #cls | L2: runtime
A3: =AVERAGE('10 base'!C:C) -> 7.2432 | B3: =AVERAGE('10 base'!D:D) -> 8.2608 | C3: =AVERAGE('10 base'!E:E) -> 5.2752 | D3: =AVERAGE('10 base'!F:F) -> 4.6544 | E3: =AVERAGE('10 base'!G:G) -> 9 | F3: =AVERAGE('10 base'!H:H) -> 3.256 | G3: =AVERAGE('10 base'!I:I) -> 2.784 | H3: =AVERAGE('10 base'!J:J) -> 5.6464 | I3: =AVERAGE('10 base'!K:K) -> 161.3552 | J3: =AVERAGE('10 base'!L:L) -> 1421.6832 | K3: =AVERAGE('10 base'!M:M) -> 2430.1104 | L3: =AVERAGE('10 base'!N:N) -> 234.4112
A5: 10 target
A6: # Contrast | B6: # Possible | C6: Total Sig | D6: #Uni Sig | E6: #Pre Sig | F6: Total Rel | G6: #Uni Rel | H6: #Pre Rel | I6: #pv | J6: #v | K6: #cls | L6: runtime
A7: =AVERAGE('10 target'!C:C) -> 7.1712 | B7: =AVERAGE('10 target'!D:D) -> 8.2608 | C7: =AVERAGE('10 target'!E:E) -> 5.2752 | D7: =AVERAGE('10 target'!F:F) -> 3.9824 | E7: =AVERAGE('10 target'!G:G) -> 6.5376 | F7: =AVERAGE('10 target'!H:H) -> 3.256 | G7: =AVERAGE('10 target'!I:I) -> 1.9168 | H7: =AVERAGE('10 target'!J:J) -> 2.6768 | I7: =AVERAGE('10 target'!K:K) -> 164.7136 | J7: =AVERAGE('10 target'!L:L) -> 1463.4576 | K7: =AVERAGE('10 target'!M:M) -> 2555.5088 | L7: =AVERAGE('10 target'!N:N) -> 291.9088
A9: 5 base
A10: # Contrast | B10: # Possible | C10: Total Sig | D10: #Uni Sig | E10: #Pre Sig | F10: Total Rel | G10: #Uni Rel | H10: #Pre Rel | I10: #pv | J10: #v | K10: #cls | L10: runtime
A11: =AVERAGE('5 base'!C:C) -> 4.3056 | B11: =AVERAGE('5 base'!D:D) -> 4.6624 | C11: =AVERAGE('5 base'!E:E) -> 5.2752 | D11: =AVERAGE('5 base'!F:F) -> 4.88 | E11: =AVERAGE('5 base'!G:G) -> 9.0208 | F11: =AVERAGE('5 base'!H:H) -> 3.256 | G11: =AVERAGE('5 base'!I:I) -> 2.888 | H11: =AVERAGE('5 base'!J:J) -> 6.4464 | I11: =AVERAGE('5 base'!K:K) -> 83.7984 | J11: =AVERAGE('5 base'!L:L) -> 784.56 | K11: =AVERAGE('5 base'!M:M) -> 1296.0752 | L11: =AVERAGE('5 base'!N:N) -> 66.0208
A13: 5 target
A14: # Contrast | B14: # Possible | C14: Total Sig | D14: #Uni Sig | E14: #Pre Sig | F14: Total Rel | G14: #Uni Rel | H14: #Pre Rel | I14: #pv | J14: #v | K14: #cls | L14: runtime
A15: =AVERAGE('5 target'!C:C) -> 4.2144 | B15: =AVERAGE('5 target'!D:D) -> 4.6624 | C15: =AVERAGE('5 target'!E:E) -> 5.2752 | D15: =AVERAGE('5 target'!F:F) -> 3.4928 | E15: =AVERAGE('5 target'!G:G) -> 5.1808 | F15: =AVERAGE('5 target'!H:H) -> 3.256 | G15: =AVERAGE('5 target'!I:I) -> 1.4192 | H15: =AVERAGE('5 target'!J:J) -> 1.8112 | I15: =AVERAGE('5 target'!K:K) -> 87.0144 | J15: =AVERAGE('5 target'!L:L) -> 822.0864 | K15: =AVERAGE('5 target'!M:M) -> 1408.9568 | L15: =AVERAGE('5 target'!N:N) -> 91.616
A29: Strat | B29: Expr | D29: Sigs in Instance | F29: Rels in Instance | H29: SAT Problem Size | K29: T[ms] | M29: # Sug | N29: From Model Struct | P29: From Base Strat
B30: #Sug | C30: #Differ | D30: #Uni | E30: Total | F30: #Uni | G30: Toal | H30: #PV | I30: #V | J30: #Cls | N30: Sigs | O30: Rels | P30: Sigs | Q30: Rels
A31: Base | B31: =B11 -> 4.6624 | C31: =A11 -> 4.3056 | D31: =D11 -> 4.88 | E31: =E11 -> 9.0208 | F31: =G11 -> 2.888 | G31: =H11 -> 6.4464 | H31: =I11 -> 83.7984 | I31: =J11 -> 784.56 | J31: =K11 -> 1296.0752 | K31: =L11 -> 66.0208 | M31: 5 | N31: =(C15-D15)/C15*100 -> 33.788292 | O31: =(F15-G15)/F15*100 -> 56.412776 | P31: =(E11-E15)/E11*100 -> 42.568287 | Q31: =(H11-H15)/H11*100 -> 71.903698
A32: Target | C32: =A15 -> 4.2144 | D32: =D15 -> 3.4928 | E32: =E15 -> 5.1808 | F32: =G15 -> 1.4192 | G32: =H15 -> 1.8112 | H32: =I15 -> 87.0144 | I32: =J15 -> 822.0864 | J32: =K15 -> 1408.9568 | K32: =L15 -> 91.616 | M32: 10 | N32: =(C7-D7)/C7*100 -> 24.507128 | O32: =(F7-G7)/F7*100 -> 41.130221 | P32: =(E3-E7)/E3*100 -> 27.36 | Q32: =(H3-H7)/H3*100 -> 52.592802
A33: Base | B33: =B3 -> 8.2608 | C33: =A3 -> 7.2432 | D33: =D3 -> 4.6544 | E33: =E3 -> 9 | F33: =G3 -> 2.784 | G33: =H3 -> 5.6464 | H33: =I3 -> 161.3552 | I33: =J3 -> 1421.6832 | J33: =K3 -> 2430.1104 | K33: =L3 -> 234.4112
A34: Target | C34: =A7 -> 7.1712 | D34: =D7 -> 3.9824 | E34: =E7 -> 6.5376 | F34: =G7 -> 1.9168 | G34: =H7 -> 2.6768 | H34: =I7 -> 164.7136 | I34: =J7 -> 1463.4576 | J34: =K7 -> 2555.5088 | K34: =L7 -> 291.9088

Sheet 5 base
A1: array | B1: array-l12-c18.result.json | C1: 4 | D1: 4 | E1: 2 | F1: 2 | G1: 2 | H1: 2 | I1: 2 | J1: 8 | K1: 67 | L1: 620 | M1: 1261 | N1: 210 | O1: 19 | P1: 183 | Q1: Element={Element$0}Array={Array$0}i2e={Array$0->0->Element$0 | R1: Array$0->1->Element$0 | S1: Array$0->2->Element$0 | T1: Array$0->3->Element$0 | U1: Array$0->4->Element$0 | V1: Array$0->5->Element$0 | W1: Array$0->6->Element$0}length={Array$0->7}
A2: array | B2: array-l18-c8.result.json | C2: 4 | D2: 4 | E2: 2 | F2: 2 | G2: 2 | H2: 2 | I2: 2 | J2: 8 | K2: 67 | L2: 620 | M2: 1261 | N2: 55 | O2: 12 | P2: 40 | Q2: Element={Element$0}Array={Array$0}i2e={Array$0->0->Element$0 | R2: Array$0->1->Element$0 | S2: Array$0->2->Element$0 | T2: Array$0->3->Element$0 | U2: Array$0->4->Element$0 | V2: Array$0->5->Element$0 | W2: Array$0->6->Element$0}length={Array$0->7}
A3: array | B3: array-l24-c17.result.json | C3: 4 | D3: 4 | E3: 2 | F3: 2 | G3: 2 | H3: 2 | I3: 2 | J3: 8 | K3: 83 | L3: 686 | M3: 1371 | N3: 64 | O3: 13 | P3: 48 | Q3: Element={Element$0}Array={Array$0}i2e={Array$0->0->Element$0 | R3: Array$0->1->Element$0 | S3: Array$0->2->Element$0 | T3: Array$0->3->Element$0 | U3: Array$0->4->Element$0 | V3: Array$0->5->Element$0 | W3: Array$0->6->Element$0}length={Array$0->7}
A4: array | B4: array-l24-c21.result.json | C4: 4 | D4: 4 | E4: 2 | F4: 2 | G4: 2 | H4: 2 | I4: 2 | J4: 6 | K4: 115 | L4: 789 | M4: 1532 | N4: 60 | O4: 13 | P4: 44 | Q4: Element={Element$0}Array={Array$0}i2e={Array$0->2->Element$0 | R4: Array$0->3->Element$0 | S4: Array$0->4->Element$0 | T4: Array$0->5->Element$0 | U4: Array$0->6->Element$0}length={Array$0->7}
A5: array | B5: array-l24-c55.result.json | C5: 5 | D5: 5 | E5: 2 | F5: 2 | G5: 2 | H5: 2 | I5: 2 | J5: 8 | K5: 99 | L5: 773 | M5: 1569 | N5: 39 | O5: 12 | P5: 23 | Q5: Element={Element$0}Array={Array$0}i2e={Array$0->0->Element$0 | R5: Array$0->1->Element$0 | S5: Array$0->2->Element$0 | T5: Array$0->3->Element$0 | U5: Array$0->4->Element$0 | V5: Array$0->5->Element$0 | W5: Array$0->6->Element$0}length={Array$0->7}
A6: array | B6: array-l31-c17.result.json | C6: 4 | D6: 4 | E6: 2 | F6: 2 | G6: 2 | H6: 2 | I6: 2 | J6: 8 | K6: 83 | L6: 686 | M6: 1371 | N6: 33 | O6: 8 | P6: 23 | Q6: Element={Element$0}Array={Array$0}i2e={Array$0->0->Element$0 | R6: Array$0->1->Element$0 | S6: Array$0->2->Element$0 | T6: Array$0->3->Element$0 | U6: Array$0->4->Element$0 | V6: Array$0->5->Element$0 | W6: Array$0->6->Element$0}length={Array$0->7}
A7: array | B7: array-l31-c21.result.json | C7: 4 | D7: 4 | E7: 2 | F7: 2 | G7: 2 | H7: 2 | I7: 2 | J7: 2 | K7: 115 | L7: 789 | M7: 1532 | N7: 34 | O7: 7 | P7: 25 | Q7: Element={Element$0}Array={Array$0}i2e={Array$0->0->Element$0}length={Array$0->1}
A8: array | B8: array-l31-c42.result.json | C8: 5 | D8: 5 | E8: 2 | F8: 2 | G8: 2 | H8: 2 | I8: 2 | J8: 3 | K8: 99 | L8: 773 | M8: 1569 | N8: 21 | O8: 6 | P8: 14 | Q8: Element={Element$0}Array={Array$0}i2e={Array$0->0->Element$0 | R8: Array$0->4->Element$0}length={Array$0->5}
A9: array | B9: array-l7-c14.result.json | C9: 2 | D9: 2 | E9: 2 | F9: 1 | G9: 1 | H9: 2 | I9: 1 | J9: 1 | K9: 67 | L9: 586 | M9: 1081 | N9: 28 | O9: 12 | P9: 13 | Q9: Array={Array$0}length={Array$0->0}
A10: bempl | B10: bempl-l16-c13.result.json | C10: 4 | D10: 5 | E10: 6 | F10: 6 | G10: 12 | H10: 3 | I10: 3 | J10: 5 | K10: 62 | L10: 583 | M10: 948 | N10: 50 | O10: 6 | P10: 42 | Q10: Room={secure_lab$0 | R10: Room$0}secure_lab={secure_lab$0}Person={Researcher$0 | S10: Employee$0 | T10: Researcher$1}owns={Researcher$0->Key$0 | U10: Researcher$0->Key$1 | V10: Researcher$1->Key$0 | W10: Researcher$1->Key$1}Employee={Employee$0}Researcher={Researcher$0 | X10: Researcher$1}Key={Key$0 | Y10: Key$1 | Z10: Key$2}authorized={Key$0->Employee$0 | AA10: Key$1->Employee$0 | AB10: Key$2->Employee$0}opened_by={Key$0->Room$0 | AC10: Key$1->Room$0 | AD10: Key$2->secure_lab$0}
A11: bempl | B11: bempl-l16-c6.result.json | C11: 5 | D11: 5 | E11: 6 | F11: 6 | G11: 12 | H11: 3 | I11: 3 | J11: 5 | K11: 98 | L11: 778 | M11: 1187 | N11: 109 | O11: 11 | P11: 94 | Q11: Room={secure_lab$0 | R11: Room$0}secure_lab={secure_lab$0}Person={Researcher$0 | S11: Employee$0 | T11: Researcher$1}owns={Researcher$0->Key$0 | U11: Researcher$0->Key$1 | V11: Researcher$1->Key$0 | W11: Researcher$1->Key$1}Employee={Employee$0}Researcher={Researcher$0 | X11: Researcher$1}Key={Key$0 | Y11: Key$1 | Z11: Key$2}authorized={Key$0->Employee$0 | AA11: Key$1->Employee$0 | AB11: Key$2->Employee$0}opened_by={Key$0->Room$0 | AC11: Key$1->Room$0 | AD11: Key$2->secure_lab$0}
A12: bempl | B12: bempl-l16-c8.result.json | C12: 4 | D12: 4 | E12: 6 | F12: 6 | G12: 12 | H12: 3 | I12: 3 | J12: 5 | K12: 56 | L12: 563 | M12: 885 | N12: 44 | O12: 9 | P12: 34 | Q12: Room={secure_lab$0 | R12: Room$0}secure_lab={secure_lab$0}Person={Researcher$0 | S12: Employee$0 | T12: Researcher$1}owns={Researcher$0->Key$0 | U12: Researcher$0->Key$1 | V12: Researcher$1->Key$0 | W12: Researcher$1->Key$1}Employee={Employee$0}Researcher={Researcher$0 | X12: Researcher$1}Key={Key$0 | Y12: Key$1 | Z12: Key$2}authorized={Key$0->Employee$0 | AA12: Key$1->Employee$0 | AB12: Key$2->Employee$0}opened_by={Key$0->Room$0 | AC12: Key$1->Room$0 | AD12: Key$2->secure_lab$0}
A13: bempl | B13: bempl-l2-c27.result.json | C13: 5 | D13: 5 | E13: 6 | F13: 6 | G13: 10 | H13: 3 | I13: 3 | J13: 5 | K13: 38 | L13: 392 | M13: 621 | N13: 84 | O13: 7 | P13: 75 | Q13: Room={secure_lab$0 | R13: Room$0}secure_lab={secure_lab$0}Person={Researcher$0 | S13: Employee$0}owns={Researcher$0->Key$0 | T13: Researcher$0->Key$1}Employee={Employee$0}Researcher={Researcher$0}Key={Key$0 | U13: Key$1 | V13: Key$2}authorized={Key$0->Employee$0 | W13: Key$1->Employee$0 | X13: Key$2->Employee$0}opened_by={Key$0->Room$0 | Y13: Key$1->Room$0 | Z13: Key$2->secure_lab$0}
A14: bempl | B14: bempl-l20-c14.result.json | C14: 5 | D14: 5 | E14: 6 | F14: 6 | G14: 12 | H14: 3 | I14: 3 | J14: 5 | K14: 74 | L14: 704 | M14: 1101 | N14: 55 | O14: 9 | P14: 44 | Q14: Room={secure_lab$0 | R14: Room$0}secure_lab={secure_lab$0}Person={Researcher$0 | S14: Employee$0 | T14: Researcher$1}owns={Researcher$0->Key$1 | U14: Researcher$1->Key$0 | V14: Researcher$1->Key$1}Employee={Employee$0}Researcher={Researcher$0 | W14: Researcher$1}Key={Key$0 | X14: Key$1 | Y14: Key$2}authorized={Key$0->Employee$0 | Z14: Key$1->Employee$0 | AA14: Key$2->Employee$0}opened_by={Key$0->Room$0 | AB14: Key$1->Room$0 | AC14: Key$2->secure_lab$0}
A15: bempl | B15: bempl-l25-c56.result.json | C15: 5 | D15: 5 | E15: 6 | F15: 6 | G15: 12 | H15: 3 | I15: 3 | J15: 5 | K15: 98 | L15: 778 | M15: 1187 | N15: 56 | O15: 5 | P15: 47 | Q15: Room={secure_lab$0 | R15: Room$0}secure_lab={secure_lab$0}Person={Researcher$0 | S15: Employee$0 | T15: Researcher$1}owns={Researcher$0->Key$0 | U15: Researcher$0->Key$1 | V15: Researcher$1->Key$0 | W15: Researcher$1->Key$1}Employee={Employee$0}Researcher={Researcher$0 | X15: Researcher$1}Key={Key$0 | Y15: Key$1 | Z15: Key$2}authorized={Key$0->Employee$0 | AA15: Key$1->Employee$0 | AB15: Key$2->Employee$0}opened_by={Key$0->Room$0 | AC15: Key$1->Room$0 | AD15: Key$2->secure_lab$0}
A16: bempl | B16: bempl-l7-c21.result.json | C16: 5 | D16: 5 | E16: 6 | F16: 6 | G16: 10 | H16: 3 | I16: 3 | J16: 5 | K16: 38 | L16: 392 | M16: 621 | N16: 68 | O16: 5 | P16: 60 | Q16: Room={secure_lab$0 | R16: Room$0}secure_lab={secure_lab$0}Person={Researcher$0 | S16: Employee$0}owns={Researcher$0->Key$0 | T16: Researcher$0->Key$1}Employee={Employee$0}Researcher={Researcher$0}Key={Key$0 | U16: Key$1 | V16: Key$2}authorized={Key$0->Employee$0 | W16: Key$1->Employee$0 | X16: Key$2->Employee$0}opened_by={Key$0->Room$0 | Y16: Key$1->Room$0 | Z16: Key$2->secure_lab$0}
A17: bempl | B17: bempl-l8-c23.result.json | C17: 5 | D17: 5 | E17: 6 | F17: 6 | G17: 10 | H17: 3 | I17: 3 | J17: 5 | K17: 38 | L17: 378 | M17: 596 | N17: 83 | O17: 7 | P17: 75 | Q17: Room={secure_lab$0 | R17: Room$0}secure_lab={secure_lab$0}Person={Researcher$0 | S17: Employee$0}owns={Researcher$0->Key$0 | T17: Researcher$0->Key$1}Employee={Employee$0}Researcher={Researcher$0}Key={Key$0 | U17: Key$1 | V17: Key$2}authorized={Key$0->Employee$0 | W17: Key$1->Employee$0 | X17: Key$2->Employee$0}opened_by={Key$0->Room$0 | Y17: Key$1->Room$0 | Z17: Key$2->secure_lab$0}
A18: binary-tree | B18: binary-tree-l11-c25.result.json | C18: 5 | D18: 5 | E18: 1 | F18: 1 | G18: 3 | H18: 2 | I18: 2 | J18: 4 | K18: 51 | L18: 724 | M18: 1407 | N18: 98 | O18: 8 | P18: 87 | Q18: Node={Node$0 | R18: Node$1 | S18: Node$2}left={Node$0->Node$1 | T18: Node$1->Node$2}right={Node$0->Node$1 | U18: Node$2->Node$0}
A19: binary-tree | B19: binary-tree-l11-c34.result.json | C19: 4 | D19: 5 | E19: 1 | F19: 1 | G19: 2 | H19: 2 | I19: 2 | J19: 2 | K19: 33 | L19: 330 | M19: 525 | N19: 34 | O19: 7 | P19: 21 | Q19: Node={Node$0 | R19: Node$1}left={Node$0->Node$0 | S19: Node$1->Node$0}right={Node$0->Node$1 | T19: Node$1->Node$1}
A20: binary-tree | B20: binary-tree-l15-c24.result.json | C20: 5 | D20: 5 | E20: 1 | F20: 1 | G20: 3 | H20: 2 | I20: 2 | J20: 4 | K20: 51 | L20: 724 | M20: 1407 | N20: 52 | O20: 4 | P20: 44 | Q20: Node={Node$0 | R20: Node$1 | S20: Node$2}left={Node$0->Node$1 | T20: Node$2->Node$0}right={Node$0->Node$2 | U20: Node$1->Node$0 | V20: Node$2->Node$2}
A21: binary-tree | B21: binary-tree-l15-c33.result.json | C21: 5 | D21: 5 | E21: 1 | F21: 1 | G21: 2 | H21: 2 | I21: 2 | J21: 2 | K21: 51 | L21: 484 | M21: 808 | N21: 71 | O21: 6 | P21: 58 | Q21: Node={Node$0 | R21: Node$1}left={Node$0->Node$0 | S21: Node$1->Node$0}right={Node$1->Node$0}
A22: binary-tree | B22: binary-tree-l19-c22.result.json | C22: 5 | D22: 5 | E22: 1 | F22: 1 | G22: 3 | H22: 2 | I22: 2 | J22: 4 | K22: 51 | L22: 724 | M22: 1407 | N22: 47 | O22: 4 | P22: 40 | Q22: Node={Node$0 | R22: Node$1 | S22: Node$2}left={Node$0->Node$1 | T22: Node$1->Node$0 | U22: Node$2->Node$1}right={Node$0->Node$1 | V22: Node$1->Node$2 | W22: Node$2->Node$2}
A23: binary-tree | B23: binary-tree-l19-c29.result.json | C23: 3 | D23: 5 | E23: 1 | F23: 1 | G23: 2 | H23: 2 | I23: 2 | J23: 2 | K23: 51 | L23: 610 | M23: 1136 | N23: 91 | O23: 6 | P23: 70 | Q23: Node={Node$0 | R23: Node$1}left={Node$0->Node$1}right={Node$1->Node$1}
A24: binary-tree | B24: binary-tree-l19-c31.result.json | C24: 5 | D24: 5 | E24: 1 | F24: 1 | G24: 3 | H24: 2 | I24: 2 | J24: 4 | K24: 51 | L24: 724 | M24: 1407 | N24: 41 | O24: 4 | P24: 35 | Q24: Node={Node$0 | R24: Node$1 | S24: Node$2}left={Node$0->Node$2 | T24: Node$1->Node$0 | U24: Node$2->Node$0}right={Node$0->Node$2 | V24: Node$2->Node$0}
A25: binary-tree | B25: binary-tree-l7-c24.result.json | C25: 5 | D25: 5 | E25: 1 | F25: 1 | G25: 3 | H25: 2 | I25: 2 | J25: 4 | K25: 51 | L25: 724 | M25: 1407 | N25: 41 | O25: 4 | P25: 34 | Q25: Node={Node$0 | R25: Node$1 | S25: Node$2}left={Node$1->Node$2 | T25: Node$2->Node$0}right={Node$0->Node$2 | U25: Node$2->Node$0}
A26: binary-tree | B26: binary-tree-l7-c39.result.json | C26: 5 | D26: 5 | E26: 1 | F26: 1 | G26: 3 | H26: 2 | I26: 2 | J26: 4 | K26: 51 | L26: 724 | M26: 1407 | N26: 39 | O26: 4 | P26: 32 | Q26: Node={Node$0 | R26: Node$1 | S26: Node$2}left={Node$0->Node$1 | T26: Node$2->Node$0}right={Node$0->Node$2 | U26: Node$2->Node$0}
A27: class-diagram | B27: class-diagram-l14-c25.result.json | C27: 5 | D27: 5 | E27: 2 | F27: 2 | G27: 4 | H27: 1 | I27: 1 | J27: 3 | K27: 29 | L27: 289 | M27: 543 | N27: 59 | O27: 7 | P27: 50 | Q27: Class={Object$0 | R27: Class$0 | S27: Class$1}ext={Object$0->Class$1 | T27: Class$0->Object$0 | U27: Class$1->Class$0}Object={Object$0}
A28: class-diagram | B28: class-diagram-l19-c17.result.json | C28: 2 | D28: 2 | E28: 2 | F28: 2 | G28: 3 | H28: 1 | I28: 1 | J28: 1 | K28: 14 | L28: 90 | M28: 125 | N28: 14 | O28: 6 | P28: 6 | Q28: Class={Object$0 | R28: Class$0}ext={Object$0->Class$0 | S28: Class$0->Class$0}Object={Object$0}
A29: class-diagram | B29: class-diagram-l19-c31.result.json | C29: 4 | D29: 5 | E29: 2 | F29: 2 | G29: 4 | H29: 1 | I29: 1 | J29: 1 | K29: 41 | L29: 346 | M29: 595 | N29: 71 | O29: 7 | P29: 60 | Q29: Class={Object$0 | R29: Class$0 | S29: Class$1}ext={Class$0->Class$0}Object={Object$0}
A30: class-diagram | B30: class-diagram-l19-c38.result.json | C30: 5 | D30: 5 | E30: 2 | F30: 2 | G30: 4 | H30: 1 | I30: 1 | J30: 2 | K30: 29 | L30: 289 | M30: 549 | N30: 46 | O30: 7 | P30: 38 | Q30: Class={Object$0 | R30: Class$0 | S30: Class$1}ext={Object$0->Class$1 | T30: Class$0->Object$0}Object={Object$0}
A31: class-diagram | B31: class-diagram-l5-c23.result.json | C31: 1 | D31: 1 | E31: 2 | F31: 2 | G31: 3 | H31: 1 | I31: 1 | J31: 1 | K31: 11 | L31: 72 | M31: 98 | N31: 7 | O31: 6 | P31: 0 | Q31: Class={Object$0 | R31: Class$0}ext={Object$0->Class$0 | S31: Class$0->Class$0}Object={Object$0}
A32: class-diagram | B32: class-diagram-l9-c12.result.json | C32: 5 | D32: 5 | E32: 2 | F32: 2 | G32: 4 | H32: 1 | I32: 1 | J32: 2 | K32: 11 | L32: 190 | M32: 402 | N32: 48 | O32: 6 | P32: 40 | Q32: Class={Object$0 | R32: Class$0 | S32: Class$1}ext={Object$0->Class$1 | T32: Class$0->Class$1 | U32: Class$1->Class$0}Object={Object$0}
A33: classroom | B33: classroom-l10-c21.result.json | C33: 5 | D33: 5 | E33: 5 | F33: 5 | G33: 10 | H33: 3 | I33: 3 | J33: 7 | K33: 60 | L33: 623 | M33: 1017 | N33: 123 | O33: 10 | P33: 112 | Q33: Person={Person$0 | R33: Person$1}Tutors={Person$0->Person$0 | S33: Person$1->Person$0}Teaches={Person$0->Class$0 | T33: Person$0->Class$1 | U33: Person$0->Class$2}Group={Group$0 | V33: Group$1 | W33: Group$2}Class={Class$0 | X33: Class$1 | Y33: Class$2}Groups={Class$0->Person$0->Group$0 | Z33: Class$0->Person$0->Group$1 | AA33: Class$0->Person$0->Group$2 | AB33: Class$1->Person$0->Group$0 | AC33: Class$1->Person$0->Group$1 | AD33: Class$1->Person$0->Group$2 | AE33: Class$2->Person$0->Group$0 | AF33: Class$2->Person$0->Group$1 | AG33: Class$2->Person$0->Group$2}Teacher={Person$0}Student={Person$1}
A34: classroom | B34: classroom-l13-c15.result.json | C34: 4 | D34: 4 | E34: 5 | F34: 5 | G34: 10 | H34: 3 | I34: 3 | J34: 7 | K34: 60 | L34: 606 | M34: 980 | N34: 50 | O34: 12 | P34: 36 | Q34: Person={Person$0 | R34: Person$1}Tutors={Person$0->Person$0 | S34: Person$1->Person$0}Teaches={Person$0->Class$0 | T34: Person$0->Class$1 | U34: Person$0->Class$2}Group={Group$0 | V34: Group$1 | W34: Group$2}Class={Class$0 | X34: Class$1 | Y34: Class$2}Groups={Class$0->Person$0->Group$0 | Z34: Class$0->Person$0->Group$1 | AA34: Class$0->Person$0->Group$2 | AB34: Class$1->Person$0->Group$0 | AC34: Class$1->Person$0->Group$1 | AD34: Class$1->Person$0->Group$2 | AE34: Class$2->Person$0->Group$0 | AF34: Class$2->Person$0->Group$1 | AG34: Class$2->Person$0->Group$2}Teacher={Person$0}Student={Person$1}
A35: classroom | B35: classroom-l15-c15.result.json | C35: 4 | D35: 4 | E35: 5 | F35: 5 | G35: 10 | H35: 3 | I35: 3 | J35: 8 | K35: 60 | L35: 606 | M35: 980 | N35: 46 | O35: 14 | P35: 31 | Q35: Person={Person$0 | R35: Person$1}Tutors={Person$0->Person$0 | S35: Person$0->Person$1}Teaches={Person$0->Class$0 | T35: Person$0->Class$1 | U35: Person$0->Class$2}Group={Group$0 | V35: Group$1 | W35: Group$2}Class={Class$0 | X35: Class$1 | Y35: Class$2}Groups={Class$0->Person$0->Group$0 | Z35: Class$0->Person$0->Group$1 | AA35: Class$0->Person$0->Group$2 | AB35: Class$1->Person$0->Group$0 | AC35: Class$1->Person$0->Group$1 | AD35: Class$1->Person$0->Group$2 | AE35: Class$2->Person$0->Group$0 | AF35: Class$2->Person$0->Group$1 | AG35: Class$2->Person$0->Group$2}Teacher={Person$0}Student={Person$1}
A36: classroom | B36: classroom-l25-c15.result.json | C36: 5 | D36: 5 | E36: 5 | F36: 5 | G36: 10 | H36: 3 | I36: 3 | J36: 7 | K36: 60 | L36: 623 | M36: 1017 | N36: 59 | O36: 4 | P36: 50 | Q36: Person={Person$0 | R36: Person$1}Tutors={Person$0->Person$0 | S36: Person$1->Person$0}Teaches={Person$0->Class$0 | T36: Person$0->Class$1 | U36: Person$0->Class$2}Group={Group$0 | V36: Group$1 | W36: Group$2}Class={Class$0 | X36: Class$1 | Y36: Class$2}Groups={Class$0->Person$0->Group$0 | Z36: Class$0->Person$0->Group$1 | AA36: Class$0->Person$0->Group$2 | AB36: Class$1->Person$0->Group$0 | AC36: Class$1->Person$0->Group$1 | AD36: Class$1->Person$0->Group$2 | AE36: Class$2->Person$0->Group$0 | AF36: Class$2->Person$0->Group$1 | AG36: Class$2->Person$0->Group$2}Teacher={Person$0}Student={Person$1}
A37: classroom | B37: classroom-l29-c12.result.json | C37: 5 | D37: 5 | E37: 5 | F37: 5 | G37: 10 | H37: 3 | I37: 3 | J37: 7 | K37: 60 | L37: 623 | M37: 1017 | N37: 69 | O37: 7 | P37: 56 | Q37: Person={Person$0 | R37: Person$1}Tutors={Person$0->Person$0 | S37: Person$1->Person$0}Teaches={Person$0->Class$0 | T37: Person$0->Class$1 | U37: Person$0->Class$2}Group={Group$0 | V37: Group$1 | W37: Group$2}Class={Class$0 | X37: Class$1 | Y37: Class$2}Groups={Class$0->Person$0->Group$0 | Z37: Class$0->Person$0->Group$1 | AA37: Class$0->Person$0->Group$2 | AB37: Class$1->Person$0->Group$0 | AC37: Class$1->Person$0->Group$1 | AD37: Class$1->Person$0->Group$2 | AE37: Class$2->Person$0->Group$0 | AF37: Class$2->Person$0->Group$1 | AG37: Class$2->Person$0->Group$2}Teacher={Person$0}Student={Person$1}
A38: classroom | B38: classroom-l29-c22.result.json | C38: 5 | D38: 5 | E38: 5 | F38: 5 | G38: 10 | H38: 3 | I38: 3 | J38: 8 | K38: 60 | L38: 623 | M38: 1017 | N38: 67 | O38: 4 | P38: 57 | Q38: Person={Person$0 | R38: Person$1}Tutors={Person$0->Person$0 | S38: Person$0->Person$1}Teaches={Person$0->Class$0 | T38: Person$0->Class$1 | U38: Person$0->Class$2}Group={Group$0 | V38: Group$1 | W38: Group$2}Class={Class$0 | X38: Class$1 | Y38: Class$2}Groups={Class$0->Person$0->Group$0 | Z38: Class$0->Person$0->Group$1 | AA38: Class$0->Person$0->Group$2 | AB38: Class$1->Person$0->Group$0 | AC38: Class$1->Person$0->Group$1 | AD38: Class$1->Person$0->Group$2 | AE38: Class$2->Person$0->Group$0 | AF38: Class$2->Person$0->Group$1 | AG38: Class$2->Person$0->Group$2}Teacher={Person$0}Student={Person$1}
A39: classroom | B39: classroom-l33-c15.result.json | C39: 5 | D39: 5 | E39: 5 | F39: 5 | G39: 10 | H39: 3 | I39: 3 | J39: 10 | K39: 60 | L39: 659 | M39: 1128 | N39: 90 | O39: 10 | P39: 79 | Q39: Person={Person$0 | R39: Person$1}Tutors={Person$0->Person$0 | S39: Person$0->Person$1}Teaches={Person$0->Class$1 | T39: Person$0->Class$2 | U39: Person$1->Class$0}Group={Group$0 | V39: Group$1 | W39: Group$2}Class={Class$0 | X39: Class$1 | Y39: Class$2}Groups={Class$0->Person$0->Group$0 | Z39: Class$0->Person$0->Group$1 | AA39: Class$0->Person$0->Group$2 | AB39: Class$1->Person$0->Group$1 | AC39: Class$1->Person$0->Group$2 | AD39: Class$1->Person$1->Group$0 | AE39: Class$2->Person$0->Group$0 | AF39: Class$2->Person$0->Group$2 | AG39: Class$2->Person$1->Group$1}Teacher={Person$0}Student={Person$1}
A40: classroom | B40: classroom-l37-c25.result.json | C40: 5 | D40: 5 | E40: 5 | F40: 5 | G40: 10 | H40: 3 | I40: 2 | J40: 5 | K40: 90 | L40: 862 | M40: 1462 | N40: 104 | O40: 10 | P40: 92 | Q40: Person={Person$0 | R40: Person$1 | S40: Person$2}Tutors={Person$0->Person$1 | T40: Person$0->Person$2 | U40: Person$2->Person$0}Teaches={Person$0->Class$1 | V40: Person$1->Class$0 | W40: Person$2->Class$0}Group={Group$0}Class={Class$0 | X40: Class$1}Teacher={Person$0 | Y40: Person$1 | Z40: Person$2}Student={Person$0}
A41: classroom | B41: classroom-l41-c31.result.json | C41: 3 | D41: 4 | E41: 5 | F41: 4 | G41: 9 | H41: 3 | I41: 3 | J41: 7 | K41: 78 | L41: 822 | M41: 1400 | N41: 103 | O41: 10 | P41: 87 | Q41: Person={Person$0 | R41: Person$1}Tutors={Person$0->Person$1}Teaches={Person$0->Class$0 | S41: Person$0->Class$1 | T41: Person$0->Class$2 | U41: Person$1->Class$1}Group={Group$0 | V41: Group$1 | W41: Group$2}Class={Class$0 | X41: Class$1 | Y41: Class$2}Groups={Class$0->Person$0->Group$0 | Z41: Class$0->Person$0->Group$1 | AA41: Class$0->Person$0->Group$2 | AB41: Class$1->Person$0->Group$0 | AC41: Class$1->Person$0->Group$1 | AD41: Class$1->Person$0->Group$2 | AE41: Class$2->Person$0->Group$0 | AF41: Class$2->Person$0->Group$1 | AG41: Class$2->Person$0->Group$2}Teacher={Person$1}
A42: classroom | B42: classroom-l41-c39.result.json | C42: 4 | D42: 5 | E42: 5 | F42: 5 | G42: 10 | H42: 3 | I42: 3 | J42: 8 | K42: 66 | L42: 716 | M42: 1162 | N42: 33 | O42: 12 | P42: 20 | Q42: Person={Person$0 | R42: Person$1}Tutors={Person$0->Person$0 | S42: Person$0->Person$1}Teaches={Person$0->Class$0 | T42: Person$0->Class$1 | U42: Person$0->Class$2}Group={Group$0 | V42: Group$1 | W42: Group$2}Class={Class$0 | X42: Class$1 | Y42: Class$2}Groups={Class$0->Person$0->Group$0 | Z42: Class$0->Person$0->Group$1 | AA42: Class$0->Person$0->Group$2 | AB42: Class$1->Person$0->Group$0 | AC42: Class$1->Person$0->Group$1 | AD42: Class$1->Person$0->Group$2 | AE42: Class$2->Person$0->Group$0 | AF42: Class$2->Person$0->Group$1 | AG42: Class$2->Person$0->Group$2}Teacher={Person$0}Student={Person$1}
A43: classroom | B43: classroom-l45-c25.result.json | C43: 5 | D43: 5 | E43: 5 | F43: 5 | G43: 10 | H43: 3 | I43: 3 | J43: 7 | K43: 90 | L43: 862 | M43: 1462 | N43: 56 | O43: 6 | P43: 49 | Q43: Person={Person$0 | R43: Person$1 | S43: Person$2}Tutors={Person$0->Person$1 | T43: Person$0->Person$2 | U43: Person$2->Person$0 | V43: Person$2->Person$1}Teaches={Person$0->Class$1 | W43: Person$1->Class$0 | X43: Person$2->Class$1}Group={Group$0}Class={Class$0 | Y43: Class$1}Groups={Class$0->Person$1->Group$0 | Z43: Class$0->Person$2->Group$0}Teacher={Person$1 | AA43: Person$2}Student={Person$0 | AB43: Person$2}
A44: classroom | B44: classroom-l49-c31.result.json | C44: 4 | D44: 4 | E44: 5 | F44: 4 | G44: 8 | H44: 3 | I44: 3 | J44: 5 | K44: 78 | L44: 822 | M44: 1400 | N44: 47 | O44: 4 | P44: 38 | Q44: Person={Person$0 | R44: Person$1}Tutors={Person$1->Person$1}Teaches={Person$0->Class$1}Group={Group$0 | S44: Group$1}Class={Class$0 | T44: Class$1 | U44: Class$2}Groups={Class$0->Person$0->Group$1 | V44: Class$0->Person$1->Group$1 | W44: Class$1->Person$0->Group$0 | X44: Class$2->Person$0->Group$0}Teacher={Person$1}
A45: classroom | B45: classroom-l49-c39.result.json | C45: 4 | D45: 5 | E45: 5 | F45: 5 | G45: 10 | H45: 3 | I45: 3 | J45: 8 | K45: 66 | L45: 716 | M45: 1162 | N45: 15 | O45: 4 | P45: 9 | Q45: Person={Person$0 | R45: Person$1}Tutors={Person$0->Person$0 | S45: Person$0->Person$1}Teaches={Person$0->Class$0 | T45: Person$0->Class$1 | U45: Person$0->Class$2}Group={Group$0 | V45: Group$1 | W45: Group$2}Class={Class$0 | X45: Class$1 | Y45: Class$2}Groups={Class$0->Person$0->Group$0 | Z45: Class$0->Person$0->Group$1 | AA45: Class$0->Person$0->Group$2 | AB45: Class$1->Person$0->Group$0 | AC45: Class$1->Person$0->Group$1 | AD45: Class$1->Person$0->Group$2 | AE45: Class$2->Person$0->Group$0 | AF45: Class$2->Person$0->Group$1 | AG45: Class$2->Person$0->Group$2}Teacher={Person$0}Student={Person$1}
A46: classroom | B46: classroom-l53-c33.result.json | C46: 5 | D46: 5 | E46: 5 | F46: 5 | G46: 12 | H46: 3 | I46: 3 | J46: 7 | K46: 120 | L46: 1082 | M46: 1792 | N46: 119 | O46: 10 | P46: 107 | Q46: Person={Person$0 | R46: Person$1 | S46: Person$2}Tutors={Person$0->Person$2 | T46: Person$1->Person$0 | U46: Person$2->Person$0}Teaches={Person$0->Class$0 | V46: Person$0->Class$2 | W46: Person$1->Class$1 | X46: Person$2->Class$0 | Y46: Person$2->Class$2}Group={Group$0}Class={Class$0 | Z46: Class$1 | AA46: Class$2}Groups={Class$0->Person$2->Group$0 | AB46: Class$1->Person$1->Group$0 | AC46: Class$1->Person$2->Group$0}Teacher={Person$0 | AD46: Person$2}Student={Person$0 | AE46: Person$1 | AF46: Person$2}
A47: classroom | B47: classroom-l53-c36.result.json | C47: 5 | D47: 5 | E47: 5 | F47: 5 | G47: 10 | H47: 3 | I47: 3 | J47: 8 | K47: 96 | L47: 864 | M47: 1368 | N47: 54 | O47: 10 | P47: 40 | Q47: Person={Person$0 | R47: Person$1}Tutors={Person$0->Person$0 | S47: Person$0->Person$1}Teaches={Person$0->Class$0 | T47: Person$0->Class$1 | U47: Person$0->Class$2 | V47: Person$1->Class$1}Group={Group$0 | W47: Group$1 | X47: Group$2}Class={Class$0 | Y47: Class$1 | Z47: Class$2}Groups={Class$0->Person$0->Group$0 | AA47: Class$0->Person$0->Group$1 | AB47: Class$0->Person$0->Group$2 | AC47: Class$1->Person$0->Group$0 | AD47: Class$1->Person$0->Group$1 | AE47: Class$1->Person$0->Group$2 | AF47: Class$2->Person$0->Group$0 | AG47: Class$2->Person$0->Group$1 | AH47: Class$2->Person$0->Group$2}Teacher={Person$0}Student={Person$1}
A48: classroom | B48: classroom-l57-c23.result.json | C48: 4 | D48: 4 | E48: 5 | F48: 5 | G48: 10 | H48: 3 | I48: 3 | J48: 9 | K48: 69 | L48: 793 | M48: 1403 | N48: 60 | O48: 8 | P48: 50 | Q48: Person={Person$0 | R48: Person$1}Tutors={Person$0->Person$0 | S48: Person$0->Person$1}Teaches={Person$0->Class$0 | T48: Person$0->Class$1 | U48: Person$0->Class$2}Group={Group$0 | V48: Group$1 | W48: Group$2}Class={Class$0 | X48: Class$1 | Y48: Class$2}Groups={Class$0->Person$0->Group$0 | Z48: Class$0->Person$0->Group$1 | AA48: Class$0->Person$0->Group$2 | AB48: Class$1->Person$0->Group$0 | AC48: Class$1->Person$0->Group$1 | AD48: Class$1->Person$0->Group$2 | AE48: Class$2->Person$0->Group$0 | AF48: Class$2->Person$0->Group$1 | AG48: Class$2->Person$0->Group$2 | AH48: Class$2->Person$1->Group$2}Teacher={Person$0}Student={Person$1}
A49: classroom | B49: classroom-l57-c53.result.json | C49: 4 | D49: 4 | E49: 5 | F49: 5 | G49: 10 | H49: 3 | I49: 2 | J49: 5 | K49: 78 | L49: 822 | M49: 1400 | N49: 50 | O49: 4 | P49: 40 | Q49: Person={Person$0 | R49: Person$1}Tutors={Person$0->Person$0}Group={Group$0 | S49: Group$1 | T49: Group$2}Class={Class$0 | U49: Class$1 | V49: Class$2}Groups={Class$0->Person$0->Group$0 | W49: Class$0->Person$0->Group$1 | X49: Class$0->Person$0->Group$2 | Y49: Class$1->Person$0->Group$0 | Z49: Class$1->Person$0->Group$1 | AA49: Class$1->Person$0->Group$2 | AB49: Class$1->Person$1->Group$2 | AC49: Class$2->Person$0->Group$0 | AD49: Class$2->Person$0->Group$1}Teacher={Person$0}Student={Person$1}
A50: classroom | B50: classroom-l57-c61.result.json | C50: 4 | D50: 5 | E50: 5 | F50: 5 | G50: 10 | H50: 3 | I50: 3 | J50: 8 | K50: 66 | L50: 716 | M50: 1162 | N50: 14 | O50: 4 | P50: 9 | Q50: Person={Person$0 | R50: Person$1}Tutors={Person$0->Person$0 | S50: Person$0->Person$1}Teaches={Person$0->Class$0 | T50: Person$0->Class$1 | U50: Person$0->Class$2}Group={Group$0 | V50: Group$1 | W50: Group$2}Class={Class$0 | X50: Class$1 | Y50: Class$2}Groups={Class$0->Person$0->Group$0 | Z50: Class$0->Person$0->Group$1 | AA50: Class$0->Person$0->Group$2 | AB50: Class$1->Person$0->Group$0 | AC50: Class$1->Person$0->Group$1 | AD50: Class$1->Person$0->Group$2 | AE50: Class$2->Person$0->Group$0 | AF50: Class$2->Person$0->Group$1 | AG50: Class$2->Person$0->Group$2}Teacher={Person$0}Student={Person$1}
A51: classroom | B51: classroom-l61-c25.result.json | C51: 5 | D51: 5 | E51: 5 | F51: 5 | G51: 9 | H51: 3 | I51: 3 | J51: 7 | K51: 90 | L51: 862 | M51: 1462 | N51: 98 | O51: 9 | P51: 87 | Q51: Person={Person$0 | R51: Person$1 | S51: Person$2}Tutors={Person$0->Person$1 | T51: Person$0->Person$2 | U51: Person$2->Person$0}Teaches={Person$0->Class$1 | V51: Person$1->Class$0 | W51: Person$2->Class$0}Group={Group$0}Class={Class$0 | X51: Class$1}Groups={Class$0->Person$1->Group$0 | Y51: Class$0->Person$2->Group$0}Teacher={Person$1 | Z51: Person$2}Student={Person$0}
A52: classroom | B52: classroom-l61-c33.result.json | C52: 4 | D52: 4 | E52: 5 | F52: 5 | G52: 10 | H52: 3 | I52: 3 | J52: 8 | K52: 63 | L52: 671 | M52: 1140 | N52: 30 | O52: 8 | P52: 21 | Q52: Person={Person$0 | R52: Person$1}Tutors={Person$0->Person$0 | S52: Person$0->Person$1}Teaches={Person$0->Class$0 | T52: Person$0->Class$1 | U52: Person$0->Class$2 | V52: Person$1->Class$2}Group={Group$0 | W52: Group$1 | X52: Group$2}Class={Class$0 | Y52: Class$1 | Z52: Class$2}Groups={Class$0->Person$0->Group$0 | AA52: Class$0->Person$0->Group$1 | AB52: Class$0->Person$0->Group$2 | AC52: Class$1->Person$0->Group$0 | AD52: Class$1->Person$0->Group$1 | AE52: Class$1->Person$0->Group$2 | AF52: Class$2->Person$0->Group$0 | AG52: Class$2->Person$0->Group$1 | AH52: Class$2->Person$0->Group$2}Teacher={Person$1}Student={Person$0}
A53: classroom | B53: classroom-l65-c12.result.json | C53: 5 | D53: 5 | E53: 5 | F53: 5 | G53: 10 | H53: 3 | I53: 3 | J53: 8 | K53: 60 | L53: 757 | M53: 1305 | N53: 89 | O53: 8 | P53: 79 | Q53: Person={Person$0 | R53: Person$1}Tutors={Person$0->Person$0 | S53: Person$0->Person$1}Teaches={Person$0->Class$0 | T53: Person$0->Class$1 | U53: Person$0->Class$2}Group={Group$0 | V53: Group$1 | W53: Group$2}Class={Class$0 | X53: Class$1 | Y53: Class$2}Groups={Class$0->Person$0->Group$0 | Z53: Class$0->Person$0->Group$1 | AA53: Class$0->Person$0->Group$2 | AB53: Class$1->Person$0->Group$0 | AC53: Class$1->Person$0->Group$1 | AD53: Class$1->Person$0->Group$2 | AE53: Class$2->Person$0->Group$0 | AF53: Class$2->Person$0->Group$1 | AG53: Class$2->Person$0->Group$2}Teacher={Person$0}Student={Person$1}
A54: classroom | B54: classroom-l65-c23.result.json | C54: 5 | D54: 5 | E54: 5 | F54: 5 | G54: 10 | H54: 3 | I54: 3 | J54: 7 | K54: 60 | L54: 623 | M54: 1017 | N54: 60 | O54: 4 | P54: 54 | Q54: Person={Person$0 | R54: Person$1}Tutors={Person$0->Person$0 | S54: Person$1->Person$0}Teaches={Person$0->Class$0 | T54: Person$0->Class$1 | U54: Person$0->Class$2}Group={Group$0 | V54: Group$1 | W54: Group$2}Class={Class$0 | X54: Class$1 | Y54: Class$2}Groups={Class$0->Person$0->Group$0 | Z54: Class$0->Person$0->Group$1 | AA54: Class$0->Person$0->Group$2 | AB54: Class$1->Person$0->Group$0 | AC54: Class$1->Person$0->Group$1 | AD54: Class$1->Person$0->Group$2 | AE54: Class$2->Person$0->Group$0 | AF54: Class$2->Person$0->Group$1 | AG54: Class$2->Person$0->Group$2}Teacher={Person$0}Student={Person$1}
A55: classroom | B55: classroom-l69-c30.result.json | C55: 5 | D55: 5 | E55: 5 | F55: 5 | G55: 8 | H55: 3 | I55: 3 | J55: 6 | K55: 120 | L55: 1044 | M55: 1672 | N55: 98 | O55: 9 | P55: 82 | Q55: Person={Person$0 | R55: Person$1}Tutors={Person$0->Person$0}Teaches={Person$0->Class$0 | S55: Person$0->Class$1 | T55: Person$0->Class$2}Group={Group$0}Class={Class$0 | U55: Class$1 | V55: Class$2}Groups={Class$0->Person$0->Group$0 | W55: Class$0->Person$1->Group$0 | X55: Class$1->Person$0->Group$0 | Y55: Class$1->Person$1->Group$0 | Z55: Class$2->Person$0->Group$0}Teacher={Person$0}Student={Person$1}
A56: classroom | B56: classroom-l69-c33.result.json | C56: 4 | D56: 5 | E56: 5 | F56: 5 | G56: 11 | H56: 3 | I56: 3 | J56: 9 | K56: 78 | L56: 787 | M56: 1313 | N56: 39 | O56: 8 | P56: 25 | Q56: Person={Person$0 | R56: Person$1 | S56: Person$2}Tutors={Person$0->Person$0}Teaches={Person$0->Class$0 | T56: Person$0->Class$1 | U56: Person$0->Class$2}Group={Group$0 | V56: Group$1 | W56: Group$2}Class={Class$0 | X56: Class$1 | Y56: Class$2}Groups={Class$0->Person$0->Group$2 | Z56: Class$0->Person$1->Group$1 | AA56: Class$0->Person$2->Group$0 | AB56: Class$0->Person$2->Group$2 | AC56: Class$1->Person$1->Group$0 | AD56: Class$1->Person$1->Group$1 | AE56: Class$1->Person$2->Group$0 | AF56: Class$1->Person$2->Group$2 | AG56: Class$2->Person$0->Group$2 | AH56: Class$2->Person$2->Group$0}Teacher={Person$1}Student={Person$1}
A57: classroom | B57: classroom-l69-c41.result.json | C57: 5 | D57: 5 | E57: 5 | F57: 5 | G57: 10 | H57: 3 | I57: 3 | J57: 10 | K57: 96 | L57: 910 | M57: 1475 | N57: 61 | O57: 8 | P57: 51 | Q57: Person={Person$0 | R57: Person$1}Tutors={Person$0->Person$0 | S57: Person$0->Person$1}Teaches={Person$0->Class$0 | T57: Person$0->Class$1 | U57: Person$0->Class$2}Group={Group$0 | V57: Group$1 | W57: Group$2}Class={Class$0 | X57: Class$1 | Y57: Class$2}Groups={Class$0->Person$0->Group$0 | Z57: Class$0->Person$0->Group$1 | AA57: Class$0->Person$0->Group$2 | AB57: Class$0->Person$1->Group$2 | AC57: Class$1->Person$0->Group$0 | AD57: Class$1->Person$0->Group$1 | AE57: Class$1->Person$0->Group$2 | AF57: Class$1->Person$1->Group$1 | AG57: Class$2->Person$0->Group$0 | AH57: Class$2->Person$0->Group$1}Teacher={Person$0}Student={Person$0}
A58: classroom | B58: classroom-l69-c63.result.json | C58: 4 | D58: 5 | E58: 5 | F58: 5 | G58: 10 | H58: 3 | I58: 3 | J58: 8 | K58: 72 | L58: 760 | M58: 1228 | N58: 22 | O58: 8 | P58: 13 | Q58: Person={Person$0 | R58: Person$1}Tutors={Person$1->Person$0 | S58: Person$1->Person$1}Teaches={Person$0->Class$0 | T58: Person$0->Class$1 | U58: Person$0->Class$2 | V58: Person$1->Class$2}Group={Group$0 | W58: Group$1 | X58: Group$2}Class={Class$0 | Y58: Class$1 | Z58: Class$2}Groups={Class$0->Person$0->Group$0 | AA58: Class$0->Person$0->Group$1 | AB58: Class$0->Person$0->Group$2 | AC58: Class$1->Person$0->Group$0 | AD58: Class$1->Person$0->Group$1 | AE58: Class$1->Person$0->Group$2 | AF58: Class$2->Person$0->Group$0 | AG58: Class$2->Person$0->Group$1 | AH58: Class$2->Person$0->Group$2}Teacher={Person$0}Student={Person$0}
A59: classroom | B59: classroom-l69-c68.result.json | C59: 3 | D59: 5 | E59: 5 | F59: 5 | G59: 8 | H59: 3 | I59: 3 | J59: 6 | K59: 120 | L59: 987 | M59: 1541 | N59: 81 | O59: 9 | P59: 71 | Q59: Person={Person$0 | R59: Person$1}Tutors={Person$1->Person$1}Teaches={Person$0->Class$0 | S59: Person$0->Class$1 | T59: Person$0->Class$2 | U59: Person$1->Class$1}Group={Group$0}Class={Class$0 | V59: Class$1 | W59: Class$2}Groups={Class$0->Person$0->Group$0 | X59: Class$0->Person$1->Group$0 | Y59: Class$1->Person$0->Group$0 | Z59: Class$1->Person$1->Group$0 | AA59: Class$2->Person$0->Group$0}Teacher={Person$0}Student={Person$0}
A60: classroom | B60: classroom-l69-c73.result.json | C60: 5 | D60: 5 | E60: 5 | F60: 4 | G60: 7 | H60: 3 | I60: 2 | J60: 5 | K60: 120 | L60: 991 | M60: 1551 | N60: 62 | O60: 9 | P60: 52 | Q60: Person={Person$0 | R60: Person$1}Teaches={Person$0->Class$0 | S60: Person$0->Class$1 | T60: Person$0->Class$2 | U60: Person$1->Class$1}Group={Group$0}Class={Class$0 | V60: Class$1 | W60: Class$2}Groups={Class$0->Person$0->Group$0 | X60: Class$0->Person$1->Group$0 | Y60: Class$1->Person$0->Group$0 | Z60: Class$1->Person$1->Group$0 | AA60: Class$2->Person$0->Group$0}Teacher={Person$0}
A61: classroom | B61: classroom-l73-c32.result.json | C61: 3 | D61: 4 | E61: 5 | F61: 5 | G61: 10 | H61: 3 | I61: 3 | J61: 8 | K61: 78 | L61: 843 | M61: 1469 | N61: 101 | O61: 9 | P61: 87 | Q61: Person={Person$0 | R61: Person$1}Tutors={Person$0->Person$1 | S61: Person$1->Person$1}Teaches={Person$0->Class$1 | T61: Person$0->Class$2 | U61: Person$1->Class$0}Group={Group$0 | V61: Group$1 | W61: Group$2}Class={Class$0 | X61: Class$1 | Y61: Class$2}Groups={Class$0->Person$0->Group$0 | Z61: Class$0->Person$0->Group$1 | AA61: Class$0->Person$0->Group$2 | AB61: Class$0->Person$1->Group$2}Teacher={Person$0}Student={Person$0}
A62: classroom | B62: classroom-l73-c42.result.json | C62: 4 | D62: 5 | E62: 5 | F62: 5 | G62: 10 | H62: 3 | I62: 3 | J62: 8 | K62: 78 | L62: 766 | M62: 1244 | N62: 52 | O62: 8 | P62: 42 | Q62: Person={Person$0 | R62: Person$1}Tutors={Person$1->Person$0 | S62: Person$1->Person$1}Teaches={Person$0->Class$0 | T62: Person$0->Class$1 | U62: Person$0->Class$2}Group={Group$0 | V62: Group$1 | W62: Group$2}Class={Class$0 | X62: Class$1 | Y62: Class$2}Groups={Class$0->Person$0->Group$0 | Z62: Class$0->Person$0->Group$1 | AA62: Class$0->Person$0->Group$2 | AB62: Class$1->Person$0->Group$0 | AC62: Class$1->Person$0->Group$1 | AD62: Class$1->Person$0->Group$2 | AE62: Class$2->Person$0->Group$0 | AF62: Class$2->Person$0->Group$1 | AG62: Class$2->Person$0->Group$2}Teacher={Person$0}Student={Person$1}
A63: classroom-fol | B63: classroom-fol-l12-c20.result.json | C63: 4 | D63: 4 | E63: 5 | F63: 5 | G63: 10 | H63: 3 | I63: 3 | J63: 7 | K63: 60 | L63: 606 | M63: 980 | N63: 55 | O63: 8 | P63: 46 | Q63: Person={Person$0 | R63: Person$1}Tutors={Person$0->Person$0 | S63: Person$1->Person$0}Teaches={Person$0->Class$0 | T63: Person$0->Class$1 | U63: Person$0->Class$2}Group={Group$0 | V63: Group$1 | W63: Group$2}Class={Class$0 | X63: Class$1 | Y63: Class$2}Groups={Class$0->Person$0->Group$0 | Z63: Class$0->Person$0->Group$1 | AA63: Class$0->Person$0->Group$2 | AB63: Class$1->Person$0->Group$0 | AC63: Class$1->Person$0->Group$1 | AD63: Class$1->Person$0->Group$2 | AE63: Class$2->Person$0->Group$0 | AF63: Class$2->Person$0->Group$1 | AG63: Class$2->Person$0->Group$2}Teacher={Person$0}Student={Person$1}
A64: classroom-fol | B64: classroom-fol-l14-c15.result.json | C64: 4 | D64: 4 | E64: 5 | F64: 5 | G64: 10 | H64: 3 | I64: 3 | J64: 8 | K64: 60 | L64: 606 | M64: 980 | N64: 47 | O64: 7 | P64: 39 | Q64: Person={Person$0 | R64: Person$1}Tutors={Person$0->Person$0 | S64: Person$0->Person$1}Teaches={Person$0->Class$0 | T64: Person$0->Class$1 | U64: Person$0->Class$2}Group={Group$0 | V64: Group$1 | W64: Group$2}Class={Class$0 | X64: Class$1 | Y64: Class$2}Groups={Class$0->Person$0->Group$0 | Z64: Class$0->Person$0->Group$1 | AA64: Class$0->Person$0->Group$2 | AB64: Class$1->Person$0->Group$0 | AC64: Class$1->Person$0->Group$1 | AD64: Class$1->Person$0->Group$2 | AE64: Class$2->Person$0->Group$0 | AF64: Class$2->Person$0->Group$1 | AG64: Class$2->Person$0->Group$2}Teacher={Person$0}Student={Person$1}
A65: classroom-fol | B65: classroom-fol-l17-c22.result.json | C65: 5 | D65: 5 | E65: 5 | F65: 5 | G65: 8 | H65: 3 | I65: 3 | J65: 6 | K65: 90 | L65: 824 | M65: 1342 | N65: 91 | O65: 8 | P65: 77 | Q65: Person={Person$0 | R65: Person$1}Tutors={Person$0->Person$0}Teaches={Person$0->Class$0 | S65: Person$0->Class$1 | T65: Person$0->Class$2}Group={Group$0}Class={Class$0 | U65: Class$1 | V65: Class$2}Groups={Class$0->Person$0->Group$0 | W65: Class$0->Person$1->Group$0 | X65: Class$1->Person$0->Group$0 | Y65: Class$1->Person$1->Group$0 | Z65: Class$2->Person$0->Group$0 | AA65: Class$2->Person$1->Group$0}Teacher={Person$0}Student={Person$1}
A66: classroom-fol | B66: classroom-fol-l21-c26.result.json | C66: 3 | D66: 5 | E66: 5 | F66: 4 | G66: 7 | H66: 3 | I66: 3 | J66: 6 | K66: 90 | L66: 950 | M66: 1698 | N66: 86 | O66: 8 | P66: 73 | Q66: Person={Person$0 | R66: Person$1}Tutors={Person$0->Person$1 | S66: Person$1->Person$0}Teaches={Person$0->Class$2 | T66: Person$1->Class$1}Group={Group$0}Class={Class$0 | U66: Class$1 | V66: Class$2}Groups={Class$0->Person$0->Group$0 | W66: Class$0->Person$1->Group$0 | X66: Class$1->Person$0->Group$0 | Y66: Class$1->Person$1->Group$0 | Z66: Class$2->Person$0->Group$0}Teacher={Person$1}
A67: classroom-fol | B67: classroom-fol-l25-c22.result.json | C67: 4 | D67: 5 | E67: 5 | F67: 5 | G67: 8 | H67: 3 | I67: 3 | J67: 6 | K67: 90 | L67: 824 | M67: 1342 | N67: 57 | O67: 4 | P67: 48 | Q67: Person={Person$0 | R67: Person$1}Tutors={Person$1->Person$1}Teaches={Person$0->Class$0 | S67: Person$0->Class$1 | T67: Person$0->Class$2}Group={Group$0}Class={Class$0 | U67: Class$1 | V67: Class$2}Groups={Class$0->Person$0->Group$0 | W67: Class$0->Person$1->Group$0 | X67: Class$1->Person$0->Group$0 | Y67: Class$1->Person$1->Group$0 | Z67: Class$2->Person$0->Group$0 | AA67: Class$2->Person$1->Group$0}Teacher={Person$0}Student={Person$1}
A68: classroom-fol | B68: classroom-fol-l25-c47.result.json | C68: 3 | D68: 5 | E68: 5 | F68: 3 | G68: 6 | H68: 3 | I68: 3 | J68: 6 | K68: 90 | L68: 950 | M68: 1698 | N68: 52 | O68: 4 | P68: 42 | Q68: Person={Person$0 | R68: Person$1}Tutors={Person$0->Person$1 | S68: Person$1->Person$0}Teaches={Person$0->Class$2 | T68: Person$1->Class$1}Group={Group$0}Class={Class$0 | U68: Class$1 | V68: Class$2}Groups={Class$0->Person$0->Group$0 | W68: Class$0->Person$1->Group$0 | X68: Class$1->Person$0->Group$0 | Y68: Class$1->Person$1->Group$0 | Z68: Class$2->Person$0->Group$0}
A69: classroom-fol | B69: classroom-fol-l29-c22.result.json | C69: 4 | D69: 5 | E69: 5 | F69: 5 | G69: 8 | H69: 3 | I69: 3 | J69: 6 | K69: 90 | L69: 824 | M69: 1342 | N69: 50 | O69: 4 | P69: 41 | Q69: Person={Person$0 | R69: Person$1}Tutors={Person$1->Person$1}Teaches={Person$0->Class$0 | S69: Person$0->Class$1 | T69: Person$0->Class$2}Group={Group$0}Class={Class$0 | U69: Class$1 | V69: Class$2}Groups={Class$0->Person$0->Group$0 | W69: Class$0->Person$1->Group$0 | X69: Class$1->Person$0->Group$0 | Y69: Class$1->Person$1->Group$0 | Z69: Class$2->Person$0->Group$0 | AA69: Class$2->Person$1->Group$0}Teacher={Person$0}Student={Person$1}
A70: classroom-fol | B70: classroom-fol-l29-c38.result.json | C70: 5 | D70: 5 | E70: 5 | F70: 4 | G70: 7 | H70: 3 | I70: 3 | J70: 6 | K70: 90 | L70: 824 | M70: 1342 | N70: 50 | O70: 4 | P70: 41 | Q70: Person={Person$0 | R70: Person$1}Tutors={Person$1->Person$1}Teaches={Person$0->Class$0 | S70: Person$0->Class$1 | T70: Person$0->Class$2 | U70: Person$1->Class$2}Group={Group$0}Class={Class$0 | V70: Class$1 | W70: Class$2}Groups={Class$0->Person$0->Group$0 | X70: Class$0->Person$1->Group$0 | Y70: Class$1->Person$0->Group$0 | Z70: Class$1->Person$1->Group$0 | AA70: Class$2->Person$0->Group$0}Teacher={Person$0}
A71: classroom-fol | B71: classroom-fol-l33-c14.result.json | C71: 5 | D71: 5 | E71: 5 | F71: 5 | G71: 10 | H71: 3 | I71: 3 | J71: 10 | K71: 60 | L71: 659 | M71: 1128 | N71: 56 | O71: 8 | P71: 46 | Q71: Person={Person$0 | R71: Person$1}Tutors={Person$0->Person$0 | S71: Person$0->Person$1}Teaches={Person$0->Class$1 | T71: Person$0->Class$2 | U71: Person$1->Class$0}Group={Group$0 | V71: Group$1 | W71: Group$2}Class={Class$0 | X71: Class$1 | Y71: Class$2}Groups={Class$0->Person$0->Group$0 | Z71: Class$0->Person$0->Group$1 | AA71: Class$0->Person$0->Group$2 | AB71: Class$1->Person$0->Group$1 | AC71: Class$1->Person$0->Group$2 | AD71: Class$1->Person$1->Group$0 | AE71: Class$2->Person$0->Group$0 | AF71: Class$2->Person$0->Group$2 | AG71: Class$2->Person$1->Group$1}Teacher={Person$0}Student={Person$1}
A72: classroom-fol | B72: classroom-fol-l37-c38.result.json | C72: 4 | D72: 5 | E72: 5 | F72: 5 | G72: 8 | H72: 3 | I72: 2 | J72: 5 | K72: 120 | L72: 991 | M72: 1541 | N72: 94 | O72: 8 | P72: 85 | Q72: Person={Person$0 | R72: Person$1}Teaches={Person$0->Class$0 | S72: Person$0->Class$1 | T72: Person$0->Class$2 | U72: Person$1->Class$1}Group={Group$0}Class={Class$0 | V72: Class$1 | W72: Class$2}Groups={Class$0->Person$0->Group$0 | X72: Class$0->Person$1->Group$0 | Y72: Class$1->Person$0->Group$0 | Z72: Class$1->Person$1->Group$0 | AA72: Class$2->Person$0->Group$0}Teacher={Person$1}Student={Person$0}
A73: classroom-fol | B73: classroom-fol-l37-c43.result.json | C73: 5 | D73: 5 | E73: 5 | F73: 5 | G73: 11 | H73: 3 | I73: 3 | J73: 6 | K73: 120 | L73: 1350 | M73: 2469 | N73: 109 | O73: 11 | P73: 96 | Q73: Person={Person$0 | R73: Person$1 | S73: Person$2}Tutors={Person$0->Person$2 | T73: Person$1->Person$0}Teaches={Person$2->Class$0 | U73: Person$2->Class$1 | V73: Person$2->Class$2}Group={Group$0}Class={Class$0 | W73: Class$1 | X73: Class$2}Groups={Class$0->Person$0->Group$0}Teacher={Person$0 | Y73: Person$1 | Z73: Person$2}Student={Person$1}
A74: classroom-fol | B74: classroom-fol-l41-c31.result.json | C74: 3 | D74: 4 | E74: 5 | F74: 4 | G74: 9 | H74: 3 | I74: 3 | J74: 7 | K74: 78 | L74: 822 | M74: 1400 | N74: 86 | O74: 4 | P74: 77 | Q74: Person={Person$0 | R74: Person$1}Tutors={Person$0->Person$1}Teaches={Person$0->Class$0 | S74: Person$0->Class$1 | T74: Person$0->Class$2 | U74: Person$1->Class$1}Group={Group$0 | V74: Group$1 | W74: Group$2}Class={Class$0 | X74: Class$1 | Y74: Class$2}Groups={Class$0->Person$0->Group$0 | Z74: Class$0->Person$0->Group$1 | AA74: Class$0->Person$0->Group$2 | AB74: Class$1->Person$0->Group$0 | AC74: Class$1->Person$0->Group$1 | AD74: Class$1->Person$0->Group$2 | AE74: Class$2->Person$0->Group$0 | AF74: Class$2->Person$0->Group$1 | AG74: Class$2->Person$0->Group$2}Teacher={Person$1}
A75: classroom-fol | B75: classroom-fol-l41-c39.result.json | C75: 4 | D75: 5 | E75: 5 | F75: 5 | G75: 10 | H75: 3 | I75: 3 | J75: 8 | K75: 66 | L75: 716 | M75: 1162 | N75: 25 | O75: 7 | P75: 16 | Q75: Person={Person$0 | R75: Person$1}Tutors={Person$0->Person$0 | S75: Person$0->Person$1}Teaches={Person$0->Class$0 | T75: Person$0->Class$1 | U75: Person$0->Class$2}Group={Group$0 | V75: Group$1 | W75: Group$2}Class={Class$0 | X75: Class$1 | Y75: Class$2}Groups={Class$0->Person$0->Group$0 | Z75: Class$0->Person$0->Group$1 | AA75: Class$0->Person$0->Group$2 | AB75: Class$1->Person$0->Group$0 | AC75: Class$1->Person$0->Group$1 | AD75: Class$1->Person$0->Group$2 | AE75: Class$2->Person$0->Group$0 | AF75: Class$2->Person$0->Group$1 | AG75: Class$2->Person$0->Group$2}Teacher={Person$0}Student={Person$1}
A76: classroom-fol | B76: classroom-fol-l45-c37.result.json | C76: 3 | D76: 5 | E76: 5 | F76: 5 | G76: 7 | H76: 3 | I76: 2 | J76: 4 | K76: 150 | L76: 1202 | M76: 1857 | N76: 87 | O76: 9 | P76: 76 | Q76: Person={Person$0}Teaches={Person$0->Class$0 | R76: Person$0->Class$1 | S76: Person$0->Class$2}Group={Group$0}Class={Class$0 | T76: Class$1 | U76: Class$2}Groups={Class$0->Person$0->Group$0 | V76: Class$1->Person$0->Group$0}Teacher={Person$0}Student={Person$0}
A77: classroom-fol | B77: classroom-fol-l45-c43.result.json | C77: 5 | D77: 5 | E77: 5 | F77: 5 | G77: 9 | H77: 3 | I77: 3 | J77: 7 | K77: 150 | L77: 1566 | M77: 2787 | N77: 108 | O77: 11 | P77: 95 | Q77: Person={Person$0 | R77: Person$1 | S77: Person$2}Tutors={Person$0->Person$1 | T77: Person$1->Person$0 | U77: Person$2->Person$0}Teaches={Person$0->Class$0 | V77: Person$0->Class$1 | W77: Person$0->Class$2 | X77: Person$2->Class$0 | Y77: Person$2->Class$1 | Z77: Person$2->Class$2}Group={Group$0}Class={Class$0 | AA77: Class$1 | AB77: Class$2}Groups={Class$0->Person$1->Group$0 | AC77: Class$1->Person$0->Group$0 | AD77: Class$2->Person$0->Group$0}Teacher={Person$2}Student={Person$1}
A78: classroom-fol | B78: classroom-fol-l45-c60.result.json | C78: 3 | D78: 5 | E78: 5 | F78: 5 | G78: 7 | H78: 3 | I78: 0 | J78: 0 | K78: 150 | L78: 1202 | M78: 1857 | N78: 47 | O78: 5 | P78: 41 | Q78: Person={Person$0}Group={Group$0}Class={Class$0 | R78: Class$1 | S78: Class$2}Teacher={Person$0}Student={Person$0}
A79: classroom-fol | B79: classroom-fol-l45-c66.result.json | C79: 5 | D79: 5 | E79: 5 | F79: 5 | G79: 8 | H79: 3 | I79: 3 | J79: 6 | K79: 150 | L79: 1207 | M79: 1869 | N79: 95 | O79: 9 | P79: 84 | Q79: Person={Person$0 | R79: Person$1}Tutors={Person$1->Person$1}Teaches={Person$0->Class$0 | S79: Person$0->Class$1 | T79: Person$0->Class$2}Group={Group$0}Class={Class$0 | U79: Class$1 | V79: Class$2}Groups={Class$0->Person$0->Group$0 | W79: Class$0->Person$1->Group$0 | X79: Class$1->Person$0->Group$0 | Y79: Class$1->Person$1->Group$0 | Z79: Class$2->Person$0->Group$0}Teacher={Person$1}Student={Person$0}
A80: classroom-fol | B80: classroom-fol-l49-c31.result.json | C80: 3 | D80: 4 | E80: 5 | F80: 4 | G80: 9 | H80: 3 | I80: 3 | J80: 7 | K80: 78 | L80: 822 | M80: 1400 | N80: 50 | O80: 4 | P80: 41 | Q80: Person={Person$0 | R80: Person$1}Tutors={Person$0->Person$1}Teaches={Person$0->Class$0 | S80: Person$0->Class$1 | T80: Person$0->Class$2 | U80: Person$1->Class$1}Group={Group$0 | V80: Group$1 | W80: Group$2}Class={Class$0 | X80: Class$1 | Y80: Class$2}Groups={Class$0->Person$0->Group$0 | Z80: Class$0->Person$0->Group$1 | AA80: Class$0->Person$0->Group$2 | AB80: Class$1->Person$0->Group$0 | AC80: Class$1->Person$0->Group$1 | AD80: Class$1->Person$0->Group$2 | AE80: Class$2->Person$0->Group$0 | AF80: Class$2->Person$0->Group$1 | AG80: Class$2->Person$0->Group$2}Teacher={Person$1}
A81: classroom-fol | B81: classroom-fol-l49-c39.result.json | C81: 4 | D81: 5 | E81: 5 | F81: 5 | G81: 10 | H81: 3 | I81: 3 | J81: 8 | K81: 66 | L81: 716 | M81: 1162 | N81: 18 | O81: 4 | P81: 12 | Q81: Person={Person$0 | R81: Person$1}Tutors={Person$0->Person$0 | S81: Person$0->Person$1}Teaches={Person$0->Class$0 | T81: Person$0->Class$1 | U81: Person$0->Class$2}Group={Group$0 | V81: Group$1 | W81: Group$2}Class={Class$0 | X81: Class$1 | Y81: Class$2}Groups={Class$0->Person$0->Group$0 | Z81: Class$0->Person$0->Group$1 | AA81: Class$0->Person$0->Group$2 | AB81: Class$1->Person$0->Group$0 | AC81: Class$1->Person$0->Group$1 | AD81: Class$1->Person$0->Group$2 | AE81: Class$2->Person$0->Group$0 | AF81: Class$2->Person$0->Group$1 | AG81: Class$2->Person$0->Group$2}Teacher={Person$0}Student={Person$1}
A82: classroom-fol | B82: classroom-fol-l53-c49.result.json | C82: 3 | D82: 5 | E82: 5 | F82: 4 | G82: 6 | H82: 3 | I82: 2 | J82: 2 | K82: 150 | L82: 1210 | M82: 1874 | N82: 84 | O82: 8 | P82: 74 | Q82: Person={Person$0}Tutors={Person$0->Person$0}Group={Group$0 | R82: Group$1}Class={Class$0 | S82: Class$1}Groups={Class$0->Person$0->Group$0}Student={Person$0}
A83: classroom-fol | B83: classroom-fol-l53-c54.result.json | C83: 4 | D83: 5 | E83: 5 | F83: 5 | G83: 8 | H83: 3 | I83: 2 | J83: 5 | K83: 150 | L83: 1211 | M83: 1871 | N83: 62 | O83: 4 | P83: 56 | Q83: Person={Person$0 | R83: Person$1}Teaches={Person$0->Class$0 | S83: Person$0->Class$1 | T83: Person$0->Class$2 | U83: Person$1->Class$1}Group={Group$0}Class={Class$0 | V83: Class$1 | W83: Class$2}Groups={Class$0->Person$0->Group$0 | X83: Class$0->Person$1->Group$0 | Y83: Class$1->Person$0->Group$0 | Z83: Class$1->Person$1->Group$0 | AA83: Class$2->Person$0->Group$0}Teacher={Person$0}Student={Person$1}
A84: classroom-fol | B84: classroom-fol-l53-c59.result.json | C84: 4 | D84: 4 | E84: 5 | F84: 5 | G84: 12 | H84: 3 | I84: 3 | J84: 10 | K84: 114 | L84: 1365 | M84: 2441 | N84: 92 | O84: 9 | P84: 82 | Q84: Person={Person$0 | R84: Person$1 | S84: Person$2}Tutors={Person$0->Person$0 | T84: Person$0->Person$1 | U84: Person$1->Person$0 | V84: Person$2->Person$1 | W84: Person$2->Person$2}Teaches={Person$0->Class$0}Group={Group$0 | X84: Group$1 | Y84: Group$2}Class={Class$0 | Z84: Class$1 | AA84: Class$2}Groups={Class$0->Person$0->Group$1 | AB84: Class$0->Person$2->Group$0 | AC84: Class$0->Person$2->Group$1 | AD84: Class$0->Person$2->Group$2 | AE84: Class$1->Person$0->Group$0 | AF84: Class$1->Person$0->Group$1 | AG84: Class$1->Person$0->Group$2 | AH84: Class$1->Person$2->Group$0 | AI84: Class$1->Person$2->Group$1 | AJ84: Class$1->Person$2->Group$2 | AK84: Class$2->Person$0->Group$0 | AL84: Class$2->Person$0->Group$1 | AM84: Class$2->Person$2->Group$0 | AN84: Class$2->Person$2->Group$1 | AO84: Class$2->Person$2->Group$2}Teacher={Person$0}Student={Person$1 | AP84: Person$2}
A85: classroom-fol | B85: classroom-fol-l57-c23.result.json | C85: 4 | D85: 4 | E85: 5 | F85: 5 | G85: 10 | H85: 3 | I85: 3 | J85: 9 | K85: 69 | L85: 793 | M85: 1403 | N85: 62 | O85: 8 | P85: 53 | Q85: Person={Person$0 | R85: Person$1}Tutors={Person$0->Person$0 | S85: Person$0->Person$1}Teaches={Person$0->Class$0 | T85: Person$0->Class$1 | U85: Person$0->Class$2}Group={Group$0 | V85: Group$1 | W85: Group$2}Class={Class$0 | X85: Class$1 | Y85: Class$2}Groups={Class$0->Person$0->Group$0 | Z85: Class$0->Person$0->Group$1 | AA85: Class$0->Person$0->Group$2 | AB85: Class$1->Person$0->Group$0 | AC85: Class$1->Person$0->Group$1 | AD85: Class$1->Person$0->Group$2 | AE85: Class$2->Person$0->Group$0 | AF85: Class$2->Person$0->Group$1 | AG85: Class$2->Person$0->Group$2 | AH85: Class$2->Person$1->Group$2}Teacher={Person$0}Student={Person$1}
A86: classroom-fol | B86: classroom-fol-l57-c53.result.json | C86: 3 | D86: 4 | E86: 5 | F86: 4 | G86: 10 | H86: 3 | I86: 3 | J86: 9 | K86: 78 | L86: 822 | M86: 1400 | N86: 60 | O86: 4 | P86: 51 | Q86: Person={Person$0 | R86: Person$1}Tutors={Person$1->Person$1}Teaches={Person$1->Class$0 | S86: Person$1->Class$1}Group={Group$0 | T86: Group$1 | U86: Group$2}Class={Class$0 | V86: Class$1 | W86: Class$2}Groups={Class$0->Person$0->Group$0 | X86: Class$0->Person$0->Group$1 | Y86: Class$0->Person$0->Group$2 | Z86: Class$0->Person$1->Group$2 | AA86: Class$1->Person$0->Group$1 | AB86: Class$1->Person$1->Group$1 | AC86: Class$2->Person$0->Group$0 | AD86: Class$2->Person$0->Group$2 | AE86: Class$2->Person$1->Group$0}Teacher={Person$0 | AF86: Person$1}
A87: classroom-fol | B87: classroom-fol-l57-c61.result.json | C87: 4 | D87: 5 | E87: 5 | F87: 5 | G87: 10 | H87: 3 | I87: 3 | J87: 8 | K87: 66 | L87: 716 | M87: 1162 | N87: 24 | O87: 3 | P87: 19 | Q87: Person={Person$0 | R87: Person$1}Tutors={Person$0->Person$0 | S87: Person$0->Person$1}Teaches={Person$0->Class$0 | T87: Person$0->Class$1 | U87: Person$0->Class$2}Group={Group$0 | V87: Group$1 | W87: Group$2}Class={Class$0 | X87: Class$1 | Y87: Class$2}Groups={Class$0->Person$0->Group$0 | Z87: Class$0->Person$0->Group$1 | AA87: Class$0->Person$0->Group$2 | AB87: Class$1->Person$0->Group$0 | AC87: Class$1->Person$0->Group$1 | AD87: Class$1->Person$0->Group$2 | AE87: Class$2->Person$0->Group$0 | AF87: Class$2->Person$0->Group$1 | AG87: Class$2->Person$0->Group$2}Teacher={Person$0}Student={Person$1}
A88: classroom-fol | B88: classroom-fol-l61-c25.result.json | C88: 5 | D88: 5 | E88: 5 | F88: 5 | G88: 9 | H88: 3 | I88: 3 | J88: 6 | K88: 90 | L88: 862 | M88: 1462 | N88: 104 | O88: 10 | P88: 92 | Q88: Person={Person$0 | R88: Person$1 | S88: Person$2}Tutors={Person$0->Person$2 | T88: Person$1->Person$0 | U88: Person$2->Person$0}Teaches={Person$0->Class$1 | V88: Person$1->Class$0 | W88: Person$2->Class$1}Group={Group$0}Class={Class$0 | X88: Class$1}Groups={Class$0->Person$1->Group$0 | Y88: Class$0->Person$2->Group$0}Teacher={Person$1 | Z88: Person$2}Student={Person$1}
A89: classroom-fol | B89: classroom-fol-l61-c33.result.json | C89: 4 | D89: 4 | E89: 5 | F89: 5 | G89: 10 | H89: 3 | I89: 3 | J89: 9 | K89: 63 | L89: 671 | M89: 1140 | N89: 30 | O89: 8 | P89: 21 | Q89: Person={Person$0 | R89: Person$1}Tutors={Person$0->Person$0 | S89: Person$0->Person$1}Teaches={Person$0->Class$0 | T89: Person$0->Class$1 | U89: Person$0->Class$2}Group={Group$0 | V89: Group$1 | W89: Group$2}Class={Class$0 | X89: Class$1 | Y89: Class$2}Groups={Class$0->Person$0->Group$0 | Z89: Class$0->Person$0->Group$1 | AA89: Class$0->Person$0->Group$2 | AB89: Class$1->Person$0->Group$0 | AC89: Class$1->Person$0->Group$1 | AD89: Class$1->Person$0->Group$2 | AE89: Class$2->Person$0->Group$0 | AF89: Class$2->Person$0->Group$1 | AG89: Class$2->Person$0->Group$2 | AH89: Class$2->Person$1->Group$2}Teacher={Person$1}Student={Person$0}
A90: classroom-fol | B90: classroom-fol-l65-c11.result.json | C90: 5 | D90: 5 | E90: 5 | F90: 5 | G90: 10 | H90: 3 | I90: 3 | J90: 8 | K90: 60 | L90: 727 | M90: 1247 | N90: 91 | O90: 8 | P90: 81 | Q90: Person={Person$0 | R90: Person$1}Tutors={Person$0->Person$0 | S90: Person$0->Person$1}Teaches={Person$0->Class$0 | T90: Person$0->Class$1 | U90: Person$0->Class$2}Group={Group$0 | V90: Group$1 | W90: Group$2}Class={Class$0 | X90: Class$1 | Y90: Class$2}Groups={Class$0->Person$0->Group$0 | Z90: Class$0->Person$0->Group$1 | AA90: Class$0->Person$0->Group$2 | AB90: Class$1->Person$0->Group$0 | AC90: Class$1->Person$0->Group$1 | AD90: Class$1->Person$0->Group$2 | AE90: Class$2->Person$0->Group$0 | AF90: Class$2->Person$0->Group$1 | AG90: Class$2->Person$0->Group$2}Teacher={Person$0}Student={Person$1}
A91: classroom-fol | B91: classroom-fol-l65-c22.result.json | C91: 5 | D91: 5 | E91: 5 | F91: 5 | G91: 10 | H91: 3 | I91: 3 | J91: 7 | K91: 60 | L91: 623 | M91: 1017 | N91: 50 | O91: 9 | P91: 40 | Q91: Person={Person$0 | R91: Person$1}Tutors={Person$0->Person$0 | S91: Person$1->Person$0}Teaches={Person$0->Class$0 | T91: Person$0->Class$1 | U91: Person$0->Class$2}Group={Group$0 | V91: Group$1 | W91: Group$2}Class={Class$0 | X91: Class$1 | Y91: Class$2}Groups={Class$0->Person$0->Group$0 | Z91: Class$0->Person$0->Group$1 | AA91: Class$0->Person$0->Group$2 | AB91: Class$1->Person$0->Group$0 | AC91: Class$1->Person$0->Group$1 | AD91: Class$1->Person$0->Group$2 | AE91: Class$2->Person$0->Group$0 | AF91: Class$2->Person$0->Group$1 | AG91: Class$2->Person$0->Group$2}Teacher={Person$0}Student={Person$1}
A92: classroom-fol | B92: classroom-fol-l69-c32.result.json | C92: 4 | D92: 5 | E92: 5 | F92: 5 | G92: 8 | H92: 3 | I92: 3 | J92: 6 | K92: 120 | L92: 1044 | M92: 1672 | N92: 95 | O92: 9 | P92: 80 | Q92: Person={Person$0 | R92: Person$1}Tutors={Person$1->Person$1}Teaches={Person$0->Class$0 | S92: Person$0->Class$1 | T92: Person$0->Class$2}Group={Group$0}Class={Class$0 | U92: Class$1 | V92: Class$2}Groups={Class$0->Person$0->Group$0 | W92: Class$0->Person$1->Group$0 | X92: Class$1->Person$0->Group$0 | Y92: Class$1->Person$1->Group$0 | Z92: Class$2->Person$0->Group$0}Teacher={Person$0}Student={Person$1}
A93: classroom-fol | B93: classroom-fol-l69-c35.result.json | C93: 4 | D93: 5 | E93: 5 | F93: 5 | G93: 10 | H93: 3 | I93: 3 | J93: 8 | K93: 78 | L93: 787 | M93: 1313 | N93: 46 | O93: 8 | P93: 32 | Q93: Person={Person$0 | R93: Person$1}Tutors={Person$0->Person$0}Teaches={Person$0->Class$0 | S93: Person$0->Class$1 | T93: Person$0->Class$2}Group={Group$0 | U93: Group$1 | V93: Group$2}Class={Class$0 | W93: Class$1 | X93: Class$2}Groups={Class$0->Person$0->Group$2 | Y93: Class$0->Person$1->Group$2 | Z93: Class$1->Person$0->Group$1 | AA93: Class$1->Person$0->Group$2 | AB93: Class$1->Person$1->Group$0 | AC93: Class$1->Person$1->Group$2 | AD93: Class$2->Person$0->Group$1}Teacher={Person$0}Student={Person$0}
A94: classroom-fol | B94: classroom-fol-l69-c43.result.json | C94: 5 | D94: 5 | E94: 5 | F94: 5 | G94: 10 | H94: 3 | I94: 3 | J94: 7 | K94: 96 | L94: 910 | M94: 1475 | N94: 62 | O94: 8 | P94: 53 | Q94: Person={Person$0 | R94: Person$1}Tutors={Person$0->Person$0 | S94: Person$1->Person$0}Teaches={Person$0->Class$0 | T94: Person$0->Class$1 | U94: Person$0->Class$2 | V94: Person$1->Class$2}Group={Group$0 | W94: Group$1 | X94: Group$2}Class={Class$0 | Y94: Class$1 | Z94: Class$2}Groups={Class$0->Person$0->Group$0 | AA94: Class$0->Person$0->Group$1 | AB94: Class$0->Person$0->Group$2 | AC94: Class$1->Person$0->Group$0 | AD94: Class$1->Person$0->Group$1 | AE94: Class$1->Person$0->Group$2 | AF94: Class$2->Person$0->Group$0 | AG94: Class$2->Person$0->Group$1 | AH94: Class$2->Person$0->Group$2}Teacher={Person$0}Student={Person$0}
A95: classroom-fol | B95: classroom-fol-l69-c65.result.json | C95: 4 | D95: 5 | E95: 5 | F95: 5 | G95: 10 | H95: 3 | I95: 3 | J95: 10 | K95: 72 | L95: 760 | M95: 1228 | N95: 26 | O95: 8 | P95: 17 | Q95: Person={Person$0 | R95: Person$1}Tutors={Person$0->Person$0}Teaches={Person$0->Class$0 | S95: Person$0->Class$1 | T95: Person$0->Class$2}Group={Group$0 | U95: Group$1 | V95: Group$2}Class={Class$0 | W95: Class$1 | X95: Class$2}Groups={Class$0->Person$0->Group$0 | Y95: Class$0->Person$0->Group$1 | Z95: Class$0->Person$0->Group$2 | AA95: Class$1->Person$0->Group$0 | AB95: Class$1->Person$0->Group$1 | AC95: Class$1->Person$0->Group$2 | AD95: Class$1->Person$1->Group$2 | AE95: Class$2->Person$0->Group$0 | AF95: Class$2->Person$0->Group$1 | AG95: Class$2->Person$1->Group$0 | AH95: Class$2->Person$1->Group$1}Teacher={Person$0}Student={Person$0}
A96: classroom-fol | B96: classroom-fol-l69-c70.result.json | C96: 3 | D96: 5 | E96: 5 | F96: 5 | G96: 8 | H96: 3 | I96: 3 | J96: 6 | K96: 120 | L96: 987 | M96: 1541 | N96: 77 | O96: 8 | P96: 67 | Q96: Person={Person$0 | R96: Person$1}Tutors={Person$1->Person$1}Teaches={Person$0->Class$0 | S96: Person$0->Class$1 | T96: Person$0->Class$2 | U96: Person$1->Class$1}Group={Group$0}Class={Class$0 | V96: Class$1 | W96: Class$2}Groups={Class$0->Person$0->Group$0 | X96: Class$0->Person$1->Group$0 | Y96: Class$1->Person$0->Group$0 | Z96: Class$1->Person$1->Group$0 | AA96: Class$2->Person$0->Group$0}Teacher={Person$0}Student={Person$0}
A97: classroom-fol | B97: classroom-fol-l69-c75.result.json | C97: 5 | D97: 5 | E97: 5 | F97: 4 | G97: 7 | H97: 3 | I97: 3 | J97: 6 | K97: 120 | L97: 991 | M97: 1551 | N97: 67 | O97: 9 | P97: 56 | Q97: Person={Person$0 | R97: Person$1}Tutors={Person$0->Person$0}Teaches={Person$0->Class$0 | S97: Person$0->Class$1 | T97: Person$0->Class$2 | U97: Person$1->Class$1}Group={Group$0}Class={Class$0 | V97: Class$1 | W97: Class$2}Groups={Class$0->Person$0->Group$0 | X97: Class$0->Person$1->Group$0 | Y97: Class$1->Person$0->Group$0 | Z97: Class$1->Person$1->Group$0 | AA97: Class$2->Person$0->Group$0}Student={Person$0}
A98: classroom-fol | B98: classroom-fol-l73-c31.result.json | C98: 3 | D98: 4 | E98: 5 | F98: 5 | G98: 8 | H98: 3 | I98: 3 | J98: 7 | K98: 78 | L98: 843 | M98: 1469 | N98: 89 | O98: 8 | P98: 75 | Q98: Person={Person$0 | R98: Person$1}Tutors={Person$0->Person$0 | S98: Person$0->Person$1}Teaches={Person$0->Class$2 | T98: Person$1->Class$0 | U98: Person$1->Class$1}Group={Group$0}Class={Class$0 | V98: Class$1 | W98: Class$2}Groups={Class$0->Person$0->Group$0 | X98: Class$0->Person$1->Group$0 | Y98: Class$1->Person$0->Group$0 | Z98: Class$1->Person$1->Group$0 | AA98: Class$2->Person$0->Group$0}Teacher={Person$0}Student={Person$1}
A99: classroom-fol | B99: classroom-fol-l73-c41.result.json | C99: 4 | D99: 5 | E99: 5 | F99: 5 | G99: 10 | H99: 3 | I99: 3 | J99: 8 | K99: 78 | L99: 766 | M99: 1244 | N99: 52 | O99: 8 | P99: 42 | Q99: Person={Person$0 | R99: Person$1}Tutors={Person$0->Person$0 | S99: Person$0->Person$1}Teaches={Person$0->Class$0 | T99: Person$0->Class$1 | U99: Person$0->Class$2}Group={Group$0 | V99: Group$1 | W99: Group$2}Class={Class$0 | X99: Class$1 | Y99: Class$2}Groups={Class$0->Person$0->Group$0 | Z99: Class$0->Person$0->Group$1 | AA99: Class$0->Person$0->Group$2 | AB99: Class$1->Person$0->Group$0 | AC99: Class$1->Person$0->Group$1 | AD99: Class$1->Person$0->Group$2 | AE99: Class$2->Person$0->Group$0 | AF99: Class$2->Person$0->Group$1 | AG99: Class$2->Person$0->Group$2}Teacher={Person$0}Student={Person$1}
A100: classroom-fol | B100: classroom-fol-l9-c20.result.json | C100: 5 | D100: 5 | E100: 5 | F100: 5 | G100: 10 | H100: 3 | I100: 3 | J100: 7 | K100: 60 | L100: 623 | M100: 1017 | N100: 53 | O100: 3 | P100: 48 | Q100: Person={Person$0 | R100: Person$1}Tutors={Person$0->Person$0 | S100: Person$1->Person$0}Teaches={Person$0->Class$0 | T100: Person$0->Class$1 | U100: Person$0->Class$2}Group={Group$0 | V100: Group$1 | W100: Group$2}Class={Class$0 | X100: Class$1 | Y100: Class$2}Groups={Class$0->Person$0->Group$0 | Z100: Class$0->Person$0->Group$1 | AA100: Class$0->Person$0->Group$2 | AB100: Class$1->Person$0->Group$0 | AC100: Class$1->Person$0->Group$1 | AD100: Class$1->Person$0->Group$2 | AE100: Class$2->Person$0->Group$0 | AF100: Class$2->Person$0->Group$1 | AG100: Class$2->Person$0->Group$2}Teacher={Person$0}Student={Person$1}
...

Sheet 5 target
A1: array | B1: array-l12-c18.result.json | C1: 3 | D1: 4 | E1: 2 | F1: 1 | G1: 1 | H1: 2 | I1: 1 | J1: 1 | K1: 67 | L1: 620 | M1: 1328 | N1: 218 | O1: 22 | P1: 184 | Q1: Array={Array$0}length={Array$0->0}
A2: array | B2: array-l18-c8.result.json | C2: 3 | D2: 4 | E2: 2 | F2: 1 | G2: 1 | H2: 2 | I2: 1 | J2: 1 | K2: 67 | L2: 620 | M2: 1328 | N2: 54 | O2: 10 | P2: 38 | Q2: Array={Array$0}length={Array$0->0}
A3: array | B3: array-l24-c17.result.json | C3: 4 | D3: 4 | E3: 2 | F3: 2 | G3: 2 | H3: 2 | I3: 2 | J3: 2 | K3: 83 | L3: 686 | M3: 1438 | N3: 69 | O3: 16 | P3: 47 | Q3: Element={Element$0}Array={Array$0}i2e={Array$0->0->Element$0}length={Array$0->1}
A4: array | B4: array-l24-c21.result.json | C4: 4 | D4: 4 | E4: 2 | F4: 2 | G4: 2 | H4: 2 | I4: 2 | J4: 2 | K4: 115 | L4: 789 | M4: 1599 | N4: 61 | O4: 14 | P4: 41 | Q4: Element={Element$0}Array={Array$0}i2e={Array$0->0->Element$0}length={Array$0->2}
A5: array | B5: array-l24-c55.result.json | C5: 5 | D5: 5 | E5: 2 | F5: 2 | G5: 2 | H5: 2 | I5: 2 | J5: 2 | K5: 99 | L5: 773 | M5: 1636 | N5: 40 | O5: 13 | P5: 21 | Q5: Element={Element$0}Array={Array$0}i2e={Array$0->0->Element$0}length={Array$0->1}
A6: array | B6: array-l31-c17.result.json | C6: 4 | D6: 4 | E6: 2 | F6: 2 | G6: 2 | H6: 2 | I6: 2 | J6: 2 | K6: 83 | L6: 686 | M6: 1438 | N6: 38 | O6: 11 | P6: 23 | Q6: Element={Element$0}Array={Array$0}i2e={Array$0->0->Element$0}length={Array$0->1}
A7: array | B7: array-l31-c21.result.json | C7: 4 | D7: 4 | E7: 2 | F7: 2 | G7: 2 | H7: 2 | I7: 2 | J7: 2 | K7: 115 | L7: 789 | M7: 1599 | N7: 39 | O7: 9 | P7: 26 | Q7: Element={Element$0}Array={Array$0}i2e={Array$0->0->Element$0}length={Array$0->1}
A8: array | B8: array-l31-c42.result.json | C8: 5 | D8: 5 | E8: 2 | F8: 2 | G8: 2 | H8: 2 | I8: 2 | J8: 2 | K8: 99 | L8: 773 | M8: 1636 | N8: 25 | O8: 8 | P8: 15 | Q8: Element={Element$0}Array={Array$0}i2e={Array$0->0->Element$0}length={Array$0->1}
A9: array | B9: array-l7-c14.result.json | C9: 2 | D9: 2 | E9: 2 | F9: 1 | G9: 1 | H9: 2 | I9: 1 | J9: 1 | K9: 67 | L9: 586 | M9: 1148 | N9: 28 | O9: 11 | P9: 14 | Q9: Array={Array$0}length={Array$0->0}
A10: bempl | B10: bempl-l16-c13.result.json | C10: 4 | D10: 5 | E10: 6 | F10: 5 | G10: 6 | H10: 3 | I10: 2 | J10: 2 | K10: 62 | L10: 583 | M10: 986 | N10: 52 | O10: 7 | P10: 40 | Q10: Room={secure_lab$0 | R10: Room$0}secure_lab={secure_lab$0}Person={Employee$0}Employee={Employee$0}Key={Key$0}authorized={Key$0->Employee$0}opened_by={Key$0->secure_lab$0}
A11: bempl | B11: bempl-l16-c6.result.json | C11: 5 | D11: 5 | E11: 6 | F11: 5 | G11: 6 | H11: 3 | I11: 0 | J11: 0 | K11: 98 | L11: 778 | M11: 1225 | N11: 102 | O11: 10 | P11: 87 | Q11: Room={secure_lab$0}secure_lab={secure_lab$0}Person={Researcher$0 | R11: Employee$0}Employee={Employee$0}Researcher={Researcher$0}
A12: bempl | B12: bempl-l16-c8.result.json | C12: 4 | D12: 4 | E12: 6 | F12: 6 | G12: 7 | H12: 3 | I12: 3 | J12: 3 | K12: 56 | L12: 563 | M12: 923 | N12: 50 | O12: 9 | P12: 38 | Q12: Room={secure_lab$0}secure_lab={secure_lab$0}Person={Employee$0 | R12: Researcher$0}owns={Researcher$0->Key$0}Employee={Employee$0}Researcher={Researcher$0}Key={Key$0}authorized={Key$0->Employee$0}opened_by={Key$0->secure_lab$0}
A13: bempl | B13: bempl-l2-c27.result.json | C13: 5 | D13: 5 | E13: 6 | F13: 5 | G13: 6 | H13: 3 | I13: 0 | J13: 0 | K13: 38 | L13: 392 | M13: 659 | N13: 81 | O13: 7 | P13: 71 | Q13: Room={secure_lab$0}secure_lab={secure_lab$0}Person={Researcher$0 | R13: Employee$0}Employee={Employee$0}Researcher={Researcher$0}
A14: bempl | B14: bempl-l20-c14.result.json | C14: 5 | D14: 5 | E14: 6 | F14: 6 | G14: 7 | H14: 3 | I14: 3 | J14: 3 | K14: 74 | L14: 704 | M14: 1139 | N14: 50 | O14: 9 | P14: 38 | Q14: Room={secure_lab$0}secure_lab={secure_lab$0}Person={Researcher$0 | R14: Employee$0}owns={Researcher$0->Key$0}Employee={Employee$0}Researcher={Researcher$0}Key={Key$0}authorized={Key$0->Employee$0}opened_by={Key$0->secure_lab$0}
A15: bempl | B15: bempl-l25-c56.result.json | C15: 5 | D15: 5 | E15: 6 | F15: 5 | G15: 6 | H15: 3 | I15: 0 | J15: 0 | K15: 98 | L15: 778 | M15: 1225 | N15: 66 | O15: 6 | P15: 54 | Q15: Room={secure_lab$0}secure_lab={secure_lab$0}Person={Researcher$0 | R15: Employee$0}Employee={Employee$0}Researcher={Researcher$0}
A16: bempl | B16: bempl-l7-c21.result.json | C16: 5 | D16: 5 | E16: 6 | F16: 5 | G16: 6 | H16: 3 | I16: 0 | J16: 0 | K16: 38 | L16: 392 | M16: 659 | N16: 62 | O16: 5 | P16: 55 | Q16: Room={secure_lab$0}secure_lab={secure_lab$0}Person={Researcher$0 | R16: Employee$0}Employee={Employee$0}Researcher={Researcher$0}
A17: bempl | B17: bempl-l8-c23.result.json | C17: 5 | D17: 5 | E17: 6 | F17: 5 | G17: 7 | H17: 3 | I17: 0 | J17: 0 | K17: 38 | L17: 378 | M17: 634 | N17: 72 | O17: 9 | P17: 61 | Q17: Room={secure_lab$0 | R17: Room$0}secure_lab={secure_lab$0}Person={Researcher$0 | S17: Employee$0}Employee={Employee$0}Researcher={Researcher$0}
A18: binary-tree | B18: binary-tree-l11-c25.result.json | C18: 5 | D18: 5 | E18: 1 | F18: 1 | G18: 3 | H18: 2 | I18: 2 | J18: 4 | K18: 51 | L18: 724 | M18: 1428 | N18: 90 | O18: 12 | P18: 74 | Q18: Node={Node$0 | R18: Node$1 | S18: Node$2}left={Node$1->Node$0 | T18: Node$2->Node$1}right={Node$0->Node$2 | U18: Node$2->Node$1}
A19: binary-tree | B19: binary-tree-l11-c34.result.json | C19: 4 | D19: 5 | E19: 1 | F19: 1 | G19: 2 | H19: 2 | I19: 1 | J19: 1 | K19: 33 | L19: 330 | M19: 546 | N19: 35 | O19: 7 | P19: 20 | Q19: Node={Node$0 | R19: Node$1}left={Node$1->Node$0}
A20: binary-tree | B20: binary-tree-l15-c24.result.json | C20: 5 | D20: 5 | E20: 1 | F20: 1 | G20: 3 | H20: 2 | I20: 2 | J20: 4 | K20: 51 | L20: 724 | M20: 1428 | N20: 49 | O20: 6 | P20: 40 | Q20: Node={Node$0 | R20: Node$1 | S20: Node$2}left={Node$1->Node$0 | T20: Node$2->Node$1}right={Node$0->Node$2 | U20: Node$2->Node$1}
A21: binary-tree | B21: binary-tree-l15-c33.result.json | C21: 5 | D21: 5 | E21: 1 | F21: 1 | G21: 2 | H21: 2 | I21: 2 | J21: 2 | K21: 51 | L21: 484 | M21: 829 | N21: 84 | O21: 8 | P21: 67 | Q21: Node={Node$0 | R21: Node$1}left={Node$0->Node$0 | S21: Node$1->Node$0}right={Node$1->Node$0}
A22: binary-tree | B22: binary-tree-l19-c22.result.json | C22: 5 | D22: 5 | E22: 1 | F22: 1 | G22: 3 | H22: 2 | I22: 2 | J22: 4 | K22: 51 | L22: 724 | M22: 1428 | N22: 44 | O22: 5 | P22: 35 | Q22: Node={Node$0 | R22: Node$1 | S22: Node$2}left={Node$0->Node$2 | T22: Node$2->Node$1}right={Node$1->Node$2 | U22: Node$2->Node$1}
A23: binary-tree | B23: binary-tree-l19-c29.result.json | C23: 3 | D23: 5 | E23: 1 | F23: 1 | G23: 2 | H23: 2 | I23: 1 | J23: 1 | K23: 51 | L23: 610 | M23: 1157 | N23: 85 | O23: 6 | P23: 63 | Q23: Node={Node$0 | R23: Node$1}left={Node$1->Node$1}
A24: binary-tree | B24: binary-tree-l19-c31.result.json | C24: 5 | D24: 5 | E24: 1 | F24: 1 | G24: 3 | H24: 2 | I24: 2 | J24: 4 | K24: 51 | L24: 724 | M24: 1428 | N24: 48 | O24: 8 | P24: 37 | Q24: Node={Node$0 | R24: Node$1 | S24: Node$2}left={Node$0->Node$1 | T24: Node$1->Node$2}right={Node$0->Node$1 | U24: Node$2->Node$0}
A25: binary-tree | B25: binary-tree-l7-c24.result.json | C25: 5 | D25: 5 | E25: 1 | F25: 1 | G25: 3 | H25: 2 | I25: 2 | J25: 4 | K25: 51 | L25: 724 | M25: 1428 | N25: 44 | O25: 6 | P25: 35 | Q25: Node={Node$0 | R25: Node$1 | S25: Node$2}left={Node$0->Node$1 | T25: Node$1->Node$2}right={Node$0->Node$2 | U25: Node$2->Node$1}
A26: binary-tree | B26: binary-tree-l7-c39.result.json | C26: 5 | D26: 5 | E26: 1 | F26: 1 | G26: 3 | H26: 2 | I26: 2 | J26: 4 | K26: 51 | L26: 724 | M26: 1428 | N26: 43 | O26: 5 | P26: 35 | Q26: Node={Node$0 | R26: Node$1 | S26: Node$2}left={Node$1->Node$0 | T26: Node$2->Node$1}right={Node$1->Node$2 | U26: Node$2->Node$1}
A27: class-diagram | B27: class-diagram-l14-c25.result.json | C27: 5 | D27: 5 | E27: 2 | F27: 2 | G27: 4 | H27: 1 | I27: 1 | J27: 2 | K27: 29 | L27: 289 | M27: 554 | N27: 58 | O27: 8 | P27: 48 | Q27: Class={Object$0 | R27: Class$0 | S27: Class$1}ext={Object$0->Class$1 | T27: Class$1->Class$0}Object={Object$0}
A28: class-diagram | B28: class-diagram-l19-c17.result.json | C28: 2 | D28: 2 | E28: 2 | F28: 2 | G28: 3 | H28: 1 | I28: 0 | J28: 0 | K28: 14 | L28: 90 | M28: 136 | N28: 16 | O28: 7 | P28: 7 | Q28: Class={Object$0 | R28: Class$0}Object={Object$0}
A29: class-diagram | B29: class-diagram-l19-c31.result.json | C29: 4 | D29: 5 | E29: 2 | F29: 2 | G29: 4 | H29: 1 | I29: 1 | J29: 1 | K29: 41 | L29: 346 | M29: 606 | N29: 77 | O29: 8 | P29: 65 | Q29: Class={Object$0 | R29: Class$0 | S29: Class$1}ext={Class$1->Class$0}Object={Object$0}
A30: class-diagram | B30: class-diagram-l19-c38.result.json | C30: 5 | D30: 5 | E30: 2 | F30: 2 | G30: 4 | H30: 1 | I30: 1 | J30: 2 | K30: 29 | L30: 289 | M30: 560 | N30: 53 | O30: 7 | P30: 43 | Q30: Class={Object$0 | R30: Class$0 | S30: Class$1}ext={Object$0->Class$1 | T30: Class$1->Class$0}Object={Object$0}
A31: class-diagram | B31: class-diagram-l5-c23.result.json | C31: 1 | D31: 1 | E31: 2 | F31: 2 | G31: 2 | H31: 1 | I31: 0 | J31: 0 | K31: 11 | L31: 72 | M31: 109 | N31: 8 | O31: 6 | P31: 0 | Q31: Class={Object$0}Object={Object$0}
A32: class-diagram | B32: class-diagram-l9-c12.result.json | C32: 5 | D32: 5 | E32: 2 | F32: 2 | G32: 4 | H32: 1 | I32: 1 | J32: 2 | K32: 11 | L32: 190 | M32: 413 | N32: 51 | O32: 7 | P32: 42 | Q32: Class={Object$0 | R32: Class$0 | S32: Class$1}ext={Class$0->Class$1 | T32: Class$1->Object$0}Object={Object$0}
A33: classroom | B33: classroom-l10-c21.result.json | C33: 5 | D33: 5 | E33: 5 | F33: 4 | G33: 5 | H33: 3 | I33: 0 | J33: 0 | K33: 60 | L33: 623 | M33: 1077 | N33: 121 | O33: 9 | P33: 110 | Q33: Person={Person$0 | R33: Person$1}Group={Group$0}Class={Class$0}Teacher={Person$1}
A34: classroom | B34: classroom-l13-c15.result.json | C34: 4 | D34: 4 | E34: 5 | F34: 3 | G34: 3 | H34: 3 | I34: 0 | J34: 0 | K34: 60 | L34: 606 | M34: 1040 | N34: 45 | O34: 12 | P34: 31 | Q34: Person={Person$0}Group={Group$0}Class={Class$0}
A35: classroom | B35: classroom-l15-c15.result.json | C35: 4 | D35: 4 | E35: 5 | F35: 3 | G35: 3 | H35: 3 | I35: 0 | J35: 0 | K35: 60 | L35: 606 | M35: 1040 | N35: 43 | O35: 11 | P35: 30 | Q35: Person={Person$0}Group={Group$0}Class={Class$0}
A36: classroom | B36: classroom-l25-c15.result.json | C36: 5 | D36: 5 | E36: 5 | F36: 4 | G36: 5 | H36: 3 | I36: 0 | J36: 0 | K36: 60 | L36: 623 | M36: 1077 | N36: 61 | O36: 5 | P36: 50 | Q36: Person={Person$0 | R36: Person$1}Group={Group$0}Class={Class$0}Teacher={Person$1}
A37: classroom | B37: classroom-l29-c12.result.json | C37: 5 | D37: 5 | E37: 5 | F37: 4 | G37: 5 | H37: 3 | I37: 0 | J37: 0 | K37: 60 | L37: 623 | M37: 1077 | N37: 68 | O37: 5 | P37: 56 | Q37: Person={Person$0 | R37: Person$1}Group={Group$0}Class={Class$0}Teacher={Person$1}
A38: classroom | B38: classroom-l29-c22.result.json | C38: 5 | D38: 5 | E38: 5 | F38: 4 | G38: 5 | H38: 3 | I38: 0 | J38: 0 | K38: 60 | L38: 623 | M38: 1077 | N38: 62 | O38: 4 | P38: 52 | Q38: Person={Person$0 | R38: Person$1}Group={Group$0}Class={Class$0}Student={Person$1}
A39: classroom | B39: classroom-l33-c15.result.json | C39: 5 | D39: 5 | E39: 5 | F39: 2 | G39: 3 | H39: 3 | I39: 2 | J39: 2 | K39: 60 | L39: 659 | M39: 1188 | N39: 82 | O39: 10 | P39: 70 | Q39: Person={Person$0 | R39: Person$1}Tutors={Person$0->Person$1}Teaches={Person$1->Class$0}Class={Class$0}
A40: classroom | B40: classroom-l37-c25.result.json | C40: 5 | D40: 5 | E40: 5 | F40: 2 | G40: 4 | H40: 3 | I40: 1 | J40: 2 | K40: 90 | L40: 862 | M40: 1522 | N40: 105 | O40: 10 | P40: 93 | Q40: Person={Person$0 | R40: Person$1 | S40: Person$2}Tutors={Person$0->Person$2 | T40: Person$1->Person$0}Teacher={Person$2}
A41: classroom | B41: classroom-l41-c31.result.json | C41: 4 | D41: 4 | E41: 5 | F41: 3 | G41: 4 | H41: 3 | I41: 1 | J41: 1 | K41: 78 | L41: 822 | M41: 1460 | N41: 95 | O41: 9 | P41: 80 | Q41: Person={Person$0 | R41: Person$1}Tutors={Person$0->Person$0}Class={Class$0}Student={Person$1}
A42: classroom | B42: classroom-l41-c39.result.json | C42: 4 | D42: 5 | E42: 5 | F42: 3 | G42: 4 | H42: 3 | I42: 1 | J42: 1 | K42: 66 | L42: 716 | M42: 1222 | N42: 29 | O42: 10 | P42: 18 | Q42: Person={Person$0}Group={Group$0}Class={Class$0 | R42: Class$1}Groups={Class$1->Person$0->Group$0}
A43: classroom | B43: classroom-l45-c25.result.json | C43: 5 | D43: 5 | E43: 5 | F43: 2 | G43: 4 | H43: 3 | I43: 1 | J43: 2 | K43: 90 | L43: 862 | M43: 1522 | N43: 63 | O43: 5 | P43: 56 | Q43: Person={Person$0 | R43: Person$1 | S43: Person$2}Tutors={Person$0->Person$2 | T43: Person$1->Person$0}Teacher={Person$2}
A44: classroom | B44: classroom-l49-c31.result.json | C44: 4 | D44: 4 | E44: 5 | F44: 3 | G44: 4 | H44: 3 | I44: 1 | J44: 1 | K44: 78 | L44: 822 | M44: 1460 | N44: 54 | O44: 5 | P44: 43 | Q44: Person={Person$0 | R44: Person$1}Tutors={Person$0->Person$0}Class={Class$0}Student={Person$1}
A45: classroom | B45: classroom-l49-c39.result.json | C45: 4 | D45: 5 | E45: 5 | F45: 3 | G45: 4 | H45: 3 | I45: 1 | J45: 1 | K45: 66 | L45: 716 | M45: 1222 | N45: 16 | O45: 5 | P45: 9 | Q45: Person={Person$0}Group={Group$0}Class={Class$0 | R45: Class$1}Groups={Class$1->Person$0->Group$0}
A46: classroom | B46: classroom-l53-c33.result.json | C46: 5 | D46: 5 | E46: 5 | F46: 3 | G46: 5 | H46: 3 | I46: 1 | J46: 2 | K46: 120 | L46: 1082 | M46: 1852 | N46: 111 | O46: 11 | P46: 97 | Q46: Person={Person$0 | R46: Person$1 | S46: Person$2}Tutors={Person$1->Person$2 | T46: Person$2->Person$0}Class={Class$0}Student={Person$2}
A47: classroom | B47: classroom-l53-c36.result.json | C47: 5 | D47: 5 | E47: 5 | F47: 3 | G47: 4 | H47: 3 | I47: 2 | J47: 2 | K47: 96 | L47: 864 | M47: 1428 | N47: 52 | O47: 10 | P47: 38 | Q47: Person={Person$0 | R47: Person$1}Tutors={Person$1->Person$0}Teaches={Person$1->Class$0}Class={Class$0}Student={Person$1}
A48: classroom | B48: classroom-l57-c23.result.json | C48: 3 | D48: 4 | E48: 5 | F48: 2 | G48: 3 | H48: 3 | I48: 2 | J48: 2 | K48: 69 | L48: 793 | M48: 1463 | N48: 59 | O48: 9 | P48: 48 | Q48: Person={Person$0 | R48: Person$1}Tutors={Person$1->Person$0}Teaches={Person$1->Class$0}Class={Class$0}
A49: classroom | B49: classroom-l57-c53.result.json | C49: 4 | D49: 4 | E49: 5 | F49: 3 | G49: 4 | H49: 3 | I49: 1 | J49: 1 | K49: 78 | L49: 822 | M49: 1460 | N49: 51 | O49: 4 | P49: 41 | Q49: Person={Person$0 | R49: Person$1}Tutors={Person$0->Person$0}Class={Class$0}Student={Person$1}
A50: classroom | B50: classroom-l57-c61.result.json | C50: 4 | D50: 5 | E50: 5 | F50: 3 | G50: 4 | H50: 3 | I50: 1 | J50: 1 | K50: 66 | L50: 716 | M50: 1222 | N50: 14 | O50: 4 | P50: 8 | Q50: Person={Person$0}Group={Group$0}Class={Class$0 | R50: Class$1}Groups={Class$1->Person$0->Group$0}
A51: classroom | B51: classroom-l61-c25.result.json | C51: 5 | D51: 5 | E51: 5 | F51: 2 | G51: 4 | H51: 3 | I51: 1 | J51: 2 | K51: 90 | L51: 862 | M51: 1522 | N51: 99 | O51: 5 | P51: 92 | Q51: Person={Person$0 | R51: Person$1 | S51: Person$2}Tutors={Person$0->Person$2 | T51: Person$1->Person$0}Teacher={Person$2}
A52: classroom | B52: classroom-l61-c33.result.json | C52: 3 | D52: 4 | E52: 5 | F52: 3 | G52: 3 | H52: 3 | I52: 1 | J52: 1 | K52: 63 | L52: 671 | M52: 1200 | N52: 32 | O52: 8 | P52: 22 | Q52: Person={Person$0}Teaches={Person$0->Class$0}Class={Class$0}Teacher={Person$0}
A53: classroom | B53: classroom-l65-c12.result.json | C53: 5 | D53: 5 | E53: 5 | F53: 2 | G53: 3 | H53: 3 | I53: 1 | J53: 1 | K53: 60 | L53: 757 | M53: 1365 | N53: 89 | O53: 8 | P53: 80 | Q53: Person={Person$0 | R53: Person$1}Tutors={Person$0->Person$1}Student={Person$1}
A54: classroom | B54: classroom-l65-c23.result.json | C54: 5 | D54: 5 | E54: 5 | F54: 4 | G54: 5 | H54: 3 | I54: 0 | J54: 0 | K54: 60 | L54: 623 | M54: 1077 | N54: 50 | O54: 4 | P54: 44 | Q54: Person={Person$0 | R54: Person$1}Group={Group$0}Class={Class$0}Teacher={Person$1}
A55: classroom | B55: classroom-l69-c30.result.json | C55: 4 | D55: 5 | E55: 5 | F55: 3 | G55: 4 | H55: 3 | I55: 1 | J55: 1 | K55: 120 | L55: 1044 | M55: 1732 | N55: 95 | O55: 9 | P55: 79 | Q55: Person={Person$0 | R55: Person$1}Tutors={Person$0->Person$0}Class={Class$0}Student={Person$0}
A56: classroom | B56: classroom-l69-c33.result.json | C56: 3 | D56: 5 | E56: 5 | F56: 2 | G56: 3 | H56: 3 | I56: 1 | J56: 1 | K56: 78 | L56: 787 | M56: 1373 | N56: 41 | O56: 9 | P56: 26 | Q56: Person={Person$0 | R56: Person$1}Tutors={Person$0->Person$0}Class={Class$0}
A57: classroom | B57: classroom-l69-c41.result.json | C57: 4 | D57: 5 | E57: 5 | F57: 3 | G57: 3 | H57: 3 | I57: 1 | J57: 1 | K57: 96 | L57: 910 | M57: 1535 | N57: 62 | O57: 9 | P57: 51 | Q57: Person={Person$0}Teaches={Person$0->Class$0}Group={Group$0}Class={Class$0}
A58: classroom | B58: classroom-l69-c63.result.json | C58: 4 | D58: 5 | E58: 5 | F58: 3 | G58: 4 | H58: 3 | I58: 1 | J58: 1 | K58: 72 | L58: 760 | M58: 1288 | N58: 23 | O58: 8 | P58: 13 | Q58: Person={Person$0}Group={Group$0}Class={Class$0 | R58: Class$1}Groups={Class$1->Person$0->Group$0}
A59: classroom | B59: classroom-l69-c68.result.json | C59: 3 | D59: 5 | E59: 5 | F59: 2 | G59: 4 | H59: 3 | I59: 0 | J59: 0 | K59: 120 | L59: 987 | M59: 1601 | N59: 79 | O59: 9 | P59: 69 | Q59: Person={Person$0 | R59: Person$1}Class={Class$0 | S59: Class$1}
A60: classroom | B60: classroom-l69-c73.result.json | C60: 5 | D60: 5 | E60: 5 | F60: 4 | G60: 5 | H60: 3 | I60: 0 | J60: 0 | K60: 120 | L60: 991 | M60: 1611 | N60: 70 | O60: 8 | P60: 59 | Q60: Person={Person$0 | R60: Person$1}Group={Group$0}Class={Class$0}Student={Person$0}
A61: classroom | B61: classroom-l73-c32.result.json | C61: 4 | D61: 4 | E61: 5 | F61: 1 | G61: 2 | H61: 3 | I61: 1 | J61: 1 | K61: 78 | L61: 843 | M61: 1529 | N61: 88 | O61: 8 | P61: 74 | Q61: Person={Person$0 | R61: Person$1}Tutors={Person$0->Person$1}
A62: classroom | B62: classroom-l73-c42.result.json | C62: 3 | D62: 5 | E62: 5 | F62: 2 | G62: 3 | H62: 3 | I62: 0 | J62: 0 | K62: 78 | L62: 766 | M62: 1304 | N62: 53 | O62: 8 | P62: 42 | Q62: Person={Person$0 | R62: Person$1}Student={Person$1}
A63: classroom-fol | B63: classroom-fol-l12-c20.result.json | C63: 4 | D63: 4 | E63: 5 | F63: 3 | G63: 3 | H63: 3 | I63: 0 | J63: 0 | K63: 60 | L63: 606 | M63: 1040 | N63: 57 | O63: 8 | P63: 48 | Q63: Person={Person$0}Group={Group$0}Class={Class$0}
A64: classroom-fol | B64: classroom-fol-l14-c15.result.json | C64: 4 | D64: 4 | E64: 5 | F64: 3 | G64: 3 | H64: 3 | I64: 0 | J64: 0 | K64: 60 | L64: 606 | M64: 1040 | N64: 46 | O64: 8 | P64: 37 | Q64: Person={Person$0}Group={Group$0}Class={Class$0}
A65: classroom-fol | B65: classroom-fol-l17-c22.result.json | C65: 5 | D65: 5 | E65: 5 | F65: 3 | G65: 4 | H65: 3 | I65: 1 | J65: 1 | K65: 90 | L65: 824 | M65: 1402 | N65: 91 | O65: 8 | P65: 77 | Q65: Person={Person$0 | R65: Person$1}Tutors={Person$0->Person$1}Group={Group$0}Class={Class$0}
A66: classroom-fol | B66: classroom-fol-l21-c26.result.json | C66: 3 | D66: 5 | E66: 5 | F66: 2 | G66: 3 | H66: 3 | I66: 1 | J66: 2 | K66: 90 | L66: 950 | M66: 1758 | N66: 87 | O66: 9 | P66: 72 | Q66: Person={Person$0 | R66: Person$1}Tutors={Person$0->Person$1 | S66: Person$1->Person$0}Group={Group$0}
A67: classroom-fol | B67: classroom-fol-l25-c22.result.json | C67: 5 | D67: 5 | E67: 5 | F67: 3 | G67: 4 | H67: 3 | I67: 1 | J67: 1 | K67: 90 | L67: 824 | M67: 1402 | N67: 51 | O67: 4 | P67: 41 | Q67: Person={Person$0 | R67: Person$1}Tutors={Person$0->Person$1}Group={Group$0}Class={Class$0}
A68: classroom-fol | B68: classroom-fol-l25-c47.result.json | C68: 3 | D68: 5 | E68: 5 | F68: 2 | G68: 3 | H68: 3 | I68: 1 | J68: 2 | K68: 90 | L68: 950 | M68: 1758 | N68: 58 | O68: 5 | P68: 41 | Q68: Person={Person$0 | R68: Person$1}Tutors={Person$0->Person$1 | S68: Person$1->Person$0}Group={Group$0}
A69: classroom-fol | B69: classroom-fol-l29-c22.result.json | C69: 4 | D69: 5 | E69: 5 | F69: 3 | G69: 4 | H69: 3 | I69: 1 | J69: 1 | K69: 90 | L69: 824 | M69: 1402 | N69: 53 | O69: 5 | P69: 43 | Q69: Person={Person$0 | R69: Person$1}Tutors={Person$0->Person$0}Group={Group$0}Student={Person$0}
A70: classroom-fol | B70: classroom-fol-l29-c38.result.json | C70: 5 | D70: 5 | E70: 5 | F70: 3 | G70: 4 | H70: 3 | I70: 1 | J70: 1 | K70: 90 | L70: 824 | M70: 1402 | N70: 52 | O70: 5 | P70: 42 | Q70: Person={Person$0 | R70: Person$1}Tutors={Person$0->Person$1}Group={Group$0}Class={Class$0}
A71: classroom-fol | B71: classroom-fol-l33-c14.result.json | C71: 5 | D71: 5 | E71: 5 | F71: 2 | G71: 3 | H71: 3 | I71: 2 | J71: 2 | K71: 60 | L71: 659 | M71: 1188 | N71: 58 | O71: 9 | P71: 48 | Q71: Person={Person$0 | R71: Person$1}Tutors={Person$0->Person$1}Teaches={Person$1->Class$0}Class={Class$0}
A72: classroom-fol | B72: classroom-fol-l37-c38.result.json | C72: 4 | D72: 5 | E72: 5 | F72: 3 | G72: 5 | H72: 3 | I72: 0 | J72: 0 | K72: 120 | L72: 991 | M72: 1601 | N72: 93 | O72: 9 | P72: 83 | Q72: Person={Person$0 | R72: Person$1}Class={Class$0 | S72: Class$1}Teacher={Person$1}
A73: classroom-fol | B73: classroom-fol-l37-c43.result.json | C73: 5 | D73: 5 | E73: 5 | F73: 3 | G73: 5 | H73: 3 | I73: 2 | J73: 3 | K73: 120 | L73: 1350 | M73: 2529 | N73: 105 | O73: 14 | P73: 88 | Q73: Person={Person$0 | R73: Person$1 | S73: Person$2}Tutors={Person$0->Person$1 | T73: Person$2->Person$0}Teaches={Person$1->Class$0}Class={Class$0}Teacher={Person$2}
A74: classroom-fol | B74: classroom-fol-l41-c31.result.json | C74: 4 | D74: 4 | E74: 5 | F74: 3 | G74: 4 | H74: 3 | I74: 1 | J74: 1 | K74: 78 | L74: 822 | M74: 1460 | N74: 95 | O74: 4 | P74: 85 | Q74: Person={Person$0 | R74: Person$1}Tutors={Person$0->Person$0}Class={Class$0}Student={Person$1}
A75: classroom-fol | B75: classroom-fol-l41-c39.result.json | C75: 4 | D75: 5 | E75: 5 | F75: 3 | G75: 4 | H75: 3 | I75: 1 | J75: 1 | K75: 66 | L75: 716 | M75: 1222 | N75: 27 | O75: 8 | P75: 17 | Q75: Person={Person$0}Group={Group$0}Class={Class$0 | R75: Class$1}Groups={Class$1->Person$0->Group$0}
A76: classroom-fol | B76: classroom-fol-l45-c37.result.json | C76: 3 | D76: 5 | E76: 5 | F76: 3 | G76: 4 | H76: 3 | I76: 0 | J76: 0 | K76: 150 | L76: 1202 | M76: 1917 | N76: 87 | O76: 9 | P76: 76 | Q76: Person={Person$0}Class={Class$0 | R76: Class$1}Teacher={Person$0}
A77: classroom-fol | B77: classroom-fol-l45-c43.result.json | C77: 5 | D77: 5 | E77: 5 | F77: 3 | G77: 6 | H77: 3 | I77: 2 | J77: 3 | K77: 150 | L77: 1566 | M77: 2847 | N77: 106 | O77: 13 | P77: 92 | Q77: Person={Person$0 | R77: Person$1 | S77: Person$2}Tutors={Person$0->Person$2 | T77: Person$1->Person$0}Teaches={Person$2->Class$0}Class={Class$0 | U77: Class$1}Teacher={Person$2}
A78: classroom-fol | B78: classroom-fol-l45-c60.result.json | C78: 3 | D78: 5 | E78: 5 | F78: 3 | G78: 4 | H78: 3 | I78: 0 | J78: 0 | K78: 150 | L78: 1202 | M78: 1917 | N78: 48 | O78: 5 | P78: 41 | Q78: Person={Person$0}Class={Class$0 | R78: Class$1}Teacher={Person$0}
A79: classroom-fol | B79: classroom-fol-l45-c66.result.json | C79: 5 | D79: 5 | E79: 5 | F79: 4 | G79: 6 | H79: 3 | I79: 0 | J79: 0 | K79: 150 | L79: 1207 | M79: 1929 | N79: 88 | O79: 9 | P79: 77 | Q79: Person={Person$0 | R79: Person$1}Class={Class$0 | S79: Class$1}Teacher={Person$1}Student={Person$0}
A80: classroom-fol | B80: classroom-fol-l49-c31.result.json | C80: 4 | D80: 4 | E80: 5 | F80: 3 | G80: 4 | H80: 3 | I80: 1 | J80: 1 | K80: 78 | L80: 822 | M80: 1460 | N80: 58 | O80: 4 | P80: 48 | Q80: Person={Person$0 | R80: Person$1}Tutors={Person$0->Person$0}Class={Class$0}Student={Person$1}
A81: classroom-fol | B81: classroom-fol-l49-c39.result.json | C81: 4 | D81: 5 | E81: 5 | F81: 3 | G81: 4 | H81: 3 | I81: 1 | J81: 1 | K81: 66 | L81: 716 | M81: 1222 | N81: 22 | O81: 6 | P81: 14 | Q81: Person={Person$0}Group={Group$0}Class={Class$0 | R81: Class$1}Groups={Class$1->Person$0->Group$0}
A82: classroom-fol | B82: classroom-fol-l53-c49.result.json | C82: 3 | D82: 5 | E82: 5 | F82: 4 | G82: 6 | H82: 3 | I82: 0 | J82: 0 | K82: 150 | L82: 1210 | M82: 1934 | N82: 107 | O82: 9 | P82: 97 | Q82: Person={Person$0}Group={Group$0 | R82: Group$1}Class={Class$0 | S82: Class$1}Student={Person$0}
A83: classroom-fol | B83: classroom-fol-l53-c54.result.json | C83: 4 | D83: 5 | E83: 5 | F83: 4 | G83: 6 | H83: 3 | I83: 0 | J83: 0 | K83: 150 | L83: 1211 | M83: 1931 | N83: 61 | O83: 5 | P83: 55 | Q83: Person={Person$0 | R83: Person$1}Group={Group$0}Class={Class$0 | S83: Class$1}Student={Person$1}
A84: classroom-fol | B84: classroom-fol-l53-c59.result.json | C84: 4 | D84: 4 | E84: 5 | F84: 4 | G84: 5 | H84: 3 | I84: 1 | J84: 1 | K84: 114 | L84: 1365 | M84: 2501 | N84: 93 | O84: 9 | P84: 82 | Q84: Person={Person$0 | R84: Person$1}Teaches={Person$0->Class$0}Group={Group$0}Class={Class$0}Student={Person$1}
A85: classroom-fol | B85: classroom-fol-l57-c23.result.json | C85: 3 | D85: 4 | E85: 5 | F85: 2 | G85: 3 | H85: 3 | I85: 2 | J85: 2 | K85: 69 | L85: 793 | M85: 1463 | N85: 60 | O85: 9 | P85: 50 | Q85: Person={Person$0 | R85: Person$1}Tutors={Person$1->Person$0}Teaches={Person$1->Class$0}Class={Class$0}
A86: classroom-fol | B86: classroom-fol-l57-c53.result.json | C86: 4 | D86: 4 | E86: 5 | F86: 3 | G86: 4 | H86: 3 | I86: 1 | J86: 1 | K86: 78 | L86: 822 | M86: 1460 | N86: 51 | O86: 5 | P86: 41 | Q86: Person={Person$0 | R86: Person$1}Tutors={Person$0->Person$0}Class={Class$0}Student={Person$1}
A87: classroom-fol | B87: classroom-fol-l57-c61.result.json | C87: 4 | D87: 5 | E87: 5 | F87: 3 | G87: 4 | H87: 3 | I87: 1 | J87: 1 | K87: 66 | L87: 716 | M87: 1222 | N87: 23 | O87: 4 | P87: 17 | Q87: Person={Person$0}Group={Group$0}Class={Class$0 | R87: Class$1}Groups={Class$1->Person$0->Group$0}
A88: classroom-fol | B88: classroom-fol-l61-c25.result.json | C88: 5 | D88: 5 | E88: 5 | F88: 2 | G88: 4 | H88: 3 | I88: 1 | J88: 2 | K88: 90 | L88: 862 | M88: 1522 | N88: 97 | O88: 13 | P88: 82 | Q88: Person={Person$0 | R88: Person$1 | S88: Person$2}Tutors={Person$0->Person$2 | T88: Person$1->Person$0}Teacher={Person$2}
A89: classroom-fol | B89: classroom-fol-l61-c33.result.json | C89: 3 | D89: 4 | E89: 5 | F89: 3 | G89: 3 | H89: 3 | I89: 1 | J89: 1 | K89: 63 | L89: 671 | M89: 1200 | N89: 42 | O89: 12 | P89: 28 | Q89: Person={Person$0}Teaches={Person$0->Class$0}Class={Class$0}Teacher={Person$0}
A90: classroom-fol | B90: classroom-fol-l65-c11.result.json | C90: 5 | D90: 5 | E90: 5 | F90: 2 | G90: 3 | H90: 3 | I90: 0 | J90: 0 | K90: 60 | L90: 727 | M90: 1307 | N90: 107 | O90: 9 | P90: 96 | Q90: Person={Person$0 | R90: Person$1}Student={Person$1}
A91: classroom-fol | B91: classroom-fol-l65-c22.result.json | C91: 5 | D91: 5 | E91: 5 | F91: 4 | G91: 5 | H91: 3 | I91: 0 | J91: 0 | K91: 60 | L91: 623 | M91: 1077 | N91: 59 | O91: 10 | P91: 48 | Q91: Person={Person$0 | R91: Person$1}Group={Group$0}Class={Class$0}Student={Person$1}
A92: classroom-fol | B92: classroom-fol-l69-c32.result.json | C92: 5 | D92: 5 | E92: 5 | F92: 3 | G92: 4 | H92: 3 | I92: 1 | J92: 1 | K92: 120 | L92: 1044 | M92: 1732 | N92: 104 | O92: 9 | P92: 87 | Q92: Person={Person$0 | R92: Person$1}Tutors={Person$0->Person$1}Group={Group$0}Class={Class$0}
A93: classroom-fol | B93: classroom-fol-l69-c35.result.json | C93: 3 | D93: 5 | E93: 5 | F93: 2 | G93: 3 | H93: 3 | I93: 1 | J93: 1 | K93: 78 | L93: 787 | M93: 1373 | N93: 39 | O93: 8 | P93: 26 | Q93: Person={Person$0 | R93: Person$1}Tutors={Person$0->Person$0}Class={Class$0}
A94: classroom-fol | B94: classroom-fol-l69-c43.result.json | C94: 4 | D94: 5 | E94: 5 | F94: 3 | G94: 3 | H94: 3 | I94: 1 | J94: 1 | K94: 96 | L94: 910 | M94: 1535 | N94: 62 | O94: 10 | P94: 51 | Q94: Person={Person$0}Teaches={Person$0->Class$0}Group={Group$0}Class={Class$0}
A95: classroom-fol | B95: classroom-fol-l69-c65.result.json | C95: 4 | D95: 5 | E95: 5 | F95: 3 | G95: 4 | H95: 3 | I95: 1 | J95: 1 | K95: 72 | L95: 760 | M95: 1288 | N95: 26 | O95: 8 | P95: 16 | Q95: Person={Person$0}Group={Group$0}Class={Class$0 | R95: Class$1}Groups={Class$1->Person$0->Group$0}
A96: classroom-fol | B96: classroom-fol-l69-c70.result.json | C96: 3 | D96: 5 | E96: 5 | F96: 2 | G96: 4 | H96: 3 | I96: 0 | J96: 0 | K96: 120 | L96: 987 | M96: 1601 | N96: 77 | O96: 9 | P96: 67 | Q96: Person={Person$0 | R96: Person$1}Class={Class$0 | S96: Class$1}
A97: classroom-fol | B97: classroom-fol-l69-c75.result.json | C97: 5 | D97: 5 | E97: 5 | F97: 4 | G97: 5 | H97: 3 | I97: 0 | J97: 0 | K97: 120 | L97: 991 | M97: 1611 | N97: 63 | O97: 8 | P97: 53 | Q97: Person={Person$0 | R97: Person$1}Group={Group$0}Class={Class$0}Teacher={Person$0}
A98: classroom-fol | B98: classroom-fol-l73-c31.result.json | C98: 4 | D98: 4 | E98: 5 | F98: 1 | G98: 2 | H98: 3 | I98: 1 | J98: 1 | K98: 78 | L98: 843 | M98: 1529 | N98: 87 | O98: 8 | P98: 74 | Q98: Person={Person$0 | R98: Person$1}Tutors={Person$0->Person$1}
A99: classroom-fol | B99: classroom-fol-l73-c41.result.json | C99: 3 | D99: 5 | E99: 5 | F99: 2 | G99: 3 | H99: 3 | I99: 0 | J99: 0 | K99: 78 | L99: 766 | M99: 1304 | N99: 51 | O99: 8 | P99: 41 | Q99: Person={Person$0 | R99: Person$1}Student={Person$1}
A100: classroom-fol | B100: classroom-fol-l9-c20.result.json | C100: 5 | D100: 5 | E100: 5 | F100: 4 | G100: 5 | H100: 3 | I100: 0 | J100: 0 | K100: 60 | L100: 623 | M100: 1077 | N100: 52 | O100: 3 | P100: 47 | Q100: Person={Person$0 | R100: Person$1}Group={Group$0}Class={Class$0}Teacher={Person$1}
...

Sheet 10 base
A1: array | B1: array-l12-c18.result.json | C1: 4 | D1: 4 | E1: 2 | F1: 2 | G1: 2 | H1: 2 | I1: 2 | J1: 8 | K1: 67 | L1: 620 | M1: 1261 | N1: 211 | O1: 14 | P1: 189 | Q1: Element={Element$0}Array={Array$0}i2e={Array$0->0->Element$0 | R1: Array$0->1->Element$0 | S1: Array$0->2->Element$0 | T1: Array$0->3->Element$0 | U1: Array$0->4->Element$0 | V1: Array$0->5->Element$0 | W1: Array$0->6->Element$0}length={Array$0->7}
A2: array | B2: array-l18-c8.result.json | C2: 4 | D2: 4 | E2: 2 | F2: 2 | G2: 2 | H2: 2 | I2: 2 | J2: 8 | K2: 67 | L2: 620 | M2: 1261 | N2: 59 | O2: 10 | P2: 46 | Q2: Element={Element$0}Array={Array$0}i2e={Array$0->0->Element$0 | R2: Array$0->1->Element$0 | S2: Array$0->2->Element$0 | T2: Array$0->3->Element$0 | U2: Array$0->4->Element$0 | V2: Array$0->5->Element$0 | W2: Array$0->6->Element$0}length={Array$0->7}
A3: array | B3: array-l24-c17.result.json | C3: 4 | D3: 4 | E3: 2 | F3: 2 | G3: 2 | H3: 2 | I3: 2 | J3: 2 | K3: 83 | L3: 686 | M3: 1371 | N3: 77 | O3: 16 | P3: 58 | Q3: Element={Element$0}Array={Array$0}i2e={Array$0->0->Element$0}length={Array$0->1}
A4: array | B4: array-l24-c21.result.json | C4: 4 | D4: 4 | E4: 2 | F4: 2 | G4: 2 | H4: 2 | I4: 2 | J4: 2 | K4: 115 | L4: 789 | M4: 1532 | N4: 56 | O4: 13 | P4: 41 | Q4: Element={Element$0}Array={Array$0}i2e={Array$0->6->Element$0}length={Array$0->7}
A5: array | B5: array-l24-c55.result.json | C5: 5 | D5: 5 | E5: 2 | F5: 2 | G5: 2 | H5: 2 | I5: 2 | J5: 6 | K5: 99 | L5: 773 | M5: 1569 | N5: 67 | O5: 11 | P5: 53 | Q5: Element={Element$0}Array={Array$0}i2e={Array$0->0->Element$0 | R5: Array$0->1->Element$0 | S5: Array$0->2->Element$0 | T5: Array$0->3->Element$0 | U5: Array$0->4->Element$0}length={Array$0->5}
A6: array | B6: array-l31-c17.result.json | C6: 4 | D6: 4 | E6: 2 | F6: 2 | G6: 2 | H6: 2 | I6: 2 | J6: 6 | K6: 83 | L6: 686 | M6: 1371 | N6: 33 | O6: 6 | P6: 25 | Q6: Element={Element$0}Array={Array$0}i2e={Array$0->0->Element$0 | R6: Array$0->1->Element$0 | S6: Array$0->2->Element$0 | T6: Array$0->3->Element$0 | U6: Array$0->4->Element$0}length={Array$0->5}
A7: array | B7: array-l31-c21.result.json | C7: 4 | D7: 4 | E7: 2 | F7: 2 | G7: 2 | H7: 2 | I7: 2 | J7: 2 | K7: 115 | L7: 789 | M7: 1532 | N7: 28 | O7: 6 | P7: 20 | Q7: Element={Element$0}Array={Array$0}i2e={Array$0->0->Element$0}length={Array$0->1}
A8: array | B8: array-l31-c42.result.json | C8: 5 | D8: 5 | E8: 2 | F8: 2 | G8: 2 | H8: 2 | I8: 2 | J8: 8 | K8: 99 | L8: 773 | M8: 1569 | N8: 51 | O8: 6 | P8: 43 | Q8: Element={Element$0}Array={Array$0}i2e={Array$0->0->Element$0 | R8: Array$0->1->Element$0 | S8: Array$0->2->Element$0 | T8: Array$0->3->Element$0 | U8: Array$0->4->Element$0 | V8: Array$0->5->Element$0 | W8: Array$0->6->Element$0}length={Array$0->7}
A9: array | B9: array-l7-c14.result.json | C9: 2 | D9: 2 | E9: 2 | F9: 1 | G9: 1 | H9: 2 | I9: 1 | J9: 1 | K9: 67 | L9: 586 | M9: 1081 | N9: 24 | O9: 14 | P9: 7 | Q9: Array={Array$0}length={Array$0->0}
A10: bempl | B10: bempl-l16-c13.result.json | C10: 6 | D10: 7 | E10: 6 | F10: 6 | G10: 12 | H10: 3 | I10: 3 | J10: 5 | K10: 92 | L10: 847 | M10: 1412 | N10: 159 | O10: 10 | P10: 147 | Q10: Room={secure_lab$0 | R10: Room$0}secure_lab={secure_lab$0}Person={Researcher$0 | S10: Employee$0 | T10: Researcher$1}owns={Researcher$0->Key$0 | U10: Researcher$0->Key$1 | V10: Researcher$1->Key$0 | W10: Researcher$1->Key$1}Employee={Employee$0}Researcher={Researcher$0 | X10: Researcher$1}Key={Key$0 | Y10: Key$1 | Z10: Key$2}authorized={Key$0->Employee$0 | AA10: Key$1->Employee$0 | AB10: Key$2->Employee$0}opened_by={Key$0->Room$0 | AC10: Key$1->Room$0 | AD10: Key$2->secure_lab$0}
A11: bempl | B11: bempl-l16-c6.result.json | C11: 7 | D11: 10 | E11: 6 | F11: 6 | G11: 10 | H11: 3 | I11: 3 | J11: 3 | K11: 308 | L11: 2093 | M11: 3236 | N11: 384 | O11: 12 | P11: 366 | Q11: Room={secure_lab$0 | R11: Room$0}secure_lab={secure_lab$0}Person={Researcher$0 | S11: Employee$0 | T11: Researcher$1}owns={Researcher$0->Key$0}Employee={Employee$0}Researcher={Researcher$0 | U11: Researcher$1}Key={Key$0}authorized={Key$0->Employee$0}opened_by={Key$0->Room$0}
A12: bempl | B12: bempl-l16-c8.result.json | C12: 4 | D12: 4 | E12: 6 | F12: 6 | G12: 12 | H12: 3 | I12: 3 | J12: 5 | K12: 56 | L12: 563 | M12: 885 | N12: 36 | O12: 9 | P12: 26 | Q12: Room={secure_lab$0 | R12: Room$0}secure_lab={secure_lab$0}Person={Researcher$0 | S12: Employee$0 | T12: Researcher$1}owns={Researcher$0->Key$0 | U12: Researcher$0->Key$1 | V12: Researcher$1->Key$0 | W12: Researcher$1->Key$1}Employee={Employee$0}Researcher={Researcher$0 | X12: Researcher$1}Key={Key$0 | Y12: Key$1 | Z12: Key$2}authorized={Key$0->Employee$0 | AA12: Key$1->Employee$0 | AB12: Key$2->Employee$0}opened_by={Key$0->Room$0 | AC12: Key$1->Room$0 | AD12: Key$2->secure_lab$0}
A13: bempl | B13: bempl-l2-c27.result.json | C13: 5 | D13: 5 | E13: 6 | F13: 6 | G13: 10 | H13: 3 | I13: 3 | J13: 5 | K13: 38 | L13: 392 | M13: 621 | N13: 72 | O13: 6 | P13: 64 | Q13: Room={secure_lab$0 | R13: Room$0}secure_lab={secure_lab$0}Person={Researcher$0 | S13: Employee$0}owns={Researcher$0->Key$0 | T13: Researcher$0->Key$1}Employee={Employee$0}Researcher={Researcher$0}Key={Key$0 | U13: Key$1 | V13: Key$2}authorized={Key$0->Employee$0 | W13: Key$1->Employee$0 | X13: Key$2->Employee$0}opened_by={Key$0->Room$0 | Y13: Key$1->Room$0 | Z13: Key$2->secure_lab$0}
A14: bempl | B14: bempl-l20-c14.result.json | C14: 8 | D14: 8 | E14: 6 | F14: 6 | G14: 12 | H14: 3 | I14: 3 | J14: 4 | K14: 134 | L14: 1171 | M14: 1995 | N14: 135 | O14: 9 | P14: 124 | Q14: Room={secure_lab$0 | R14: Room$0}secure_lab={secure_lab$0}Person={Researcher$0 | S14: Employee$0 | T14: Researcher$1}owns={Researcher$0->Key$1}Employee={Employee$0}Researcher={Researcher$0 | U14: Researcher$1}Key={Key$0 | V14: Key$1 | W14: Key$2}authorized={Key$0->Employee$0 | X14: Key$1->Employee$0 | Y14: Key$2->Employee$0}opened_by={Key$0->Room$0 | Z14: Key$1->Room$0 | AA14: Key$2->secure_lab$0}
A15: bempl | B15: bempl-l25-c56.result.json | C15: 8 | D15: 10 | E15: 6 | F15: 6 | G15: 13 | H15: 3 | I15: 3 | J15: 3 | K15: 423 | L15: 3088 | M15: 5166 | N15: 262 | O15: 15 | P15: 237 | Q15: Room={secure_lab$0 | R15: Room$0 | S15: Room$1}secure_lab={secure_lab$0}Person={Employee$0 | T15: Researcher$0 | U15: Researcher$1 | V15: Employee$1}owns={Researcher$1->Key$0}Employee={Employee$0 | W15: Employee$1}Researcher={Researcher$0 | X15: Researcher$1}Key={Key$0}authorized={Key$0->Employee$1}opened_by={Key$0->Room$0}
A16: bempl | B16: bempl-l7-c21.result.json | C16: 6 | D16: 6 | E16: 6 | F16: 6 | G16: 10 | H16: 3 | I16: 3 | J16: 5 | K16: 38 | L16: 393 | M16: 623 | N16: 77 | O16: 6 | P16: 70 | Q16: Room={secure_lab$0 | R16: Room$0}secure_lab={secure_lab$0}Person={Researcher$0 | S16: Employee$0}owns={Researcher$0->Key$0 | T16: Researcher$0->Key$1}Employee={Employee$0}Researcher={Researcher$0}Key={Key$0 | U16: Key$1 | V16: Key$2}authorized={Key$0->Employee$0 | W16: Key$1->Employee$0 | X16: Key$2->Employee$0}opened_by={Key$0->Room$0 | Y16: Key$1->Room$0 | Z16: Key$2->secure_lab$0}
A17: bempl | B17: bempl-l8-c23.result.json | C17: 5 | D17: 5 | E17: 6 | F17: 6 | G17: 10 | H17: 3 | I17: 3 | J17: 5 | K17: 38 | L17: 378 | M17: 596 | N17: 46 | O17: 8 | P17: 37 | Q17: Room={secure_lab$0 | R17: Room$0}secure_lab={secure_lab$0}Person={Researcher$0 | S17: Employee$0}owns={Researcher$0->Key$0 | T17: Researcher$0->Key$1}Employee={Employee$0}Researcher={Researcher$0}Key={Key$0 | U17: Key$1 | V17: Key$2}authorized={Key$0->Employee$0 | W17: Key$1->Employee$0 | X17: Key$2->Employee$0}opened_by={Key$0->Room$0 | Y17: Key$1->Room$0 | Z17: Key$2->secure_lab$0}
A18: binary-tree | B18: binary-tree-l11-c25.result.json | C18: 10 | D18: 10 | E18: 1 | F18: 1 | G18: 3 | H18: 2 | I18: 2 | J18: 5 | K18: 129 | L18: 1352 | M18: 2340 | N18: 239 | O18: 10 | P18: 226 | Q18: Node={Node$0 | R18: Node$1 | S18: Node$2}left={Node$0->Node$1 | T18: Node$1->Node$2 | U18: Node$2->Node$0}right={Node$0->Node$1 | V18: Node$1->Node$0 | W18: Node$2->Node$0}
A19: binary-tree | B19: binary-tree-l11-c34.result.json | C19: 9 | D19: 10 | E19: 1 | F19: 1 | G19: 3 | H19: 2 | I19: 2 | J19: 4 | K19: 108 | L19: 1097 | M19: 1892 | N19: 123 | O19: 9 | P19: 107 | Q19: Node={Node$0 | R19: Node$1 | S19: Node$2}left={Node$0->Node$2 | T19: Node$1->Node$0 | U19: Node$2->Node$0}right={Node$0->Node$1 | V19: Node$1->Node$0 | W19: Node$2->Node$0}
A20: binary-tree | B20: binary-tree-l15-c24.result.json | C20: 10 | D20: 10 | E20: 1 | F20: 1 | G20: 3 | H20: 2 | I20: 2 | J20: 4 | K20: 129 | L20: 1352 | M20: 2340 | N20: 127 | O20: 6 | P20: 119 | Q20: Node={Node$0 | R20: Node$1 | S20: Node$2}left={Node$0->Node$1 | T20: Node$1->Node$0 | U20: Node$2->Node$0}right={Node$1->Node$0 | V20: Node$2->Node$1}
A21: binary-tree | B21: binary-tree-l15-c33.result.json | C21: 10 | D21: 10 | E21: 1 | F21: 1 | G21: 3 | H21: 2 | I21: 2 | J21: 4 | K21: 129 | L21: 1260 | M21: 2172 | N21: 159 | O21: 8 | P21: 143 | Q21: Node={Node$0 | R21: Node$1 | S21: Node$2}left={Node$0->Node$1 | T21: Node$2->Node$0}right={Node$0->Node$2 | U21: Node$1->Node$2 | V21: Node$2->Node$1}
A22: binary-tree | B22: binary-tree-l19-c22.result.json | C22: 10 | D22: 10 | E22: 1 | F22: 1 | G22: 3 | H22: 2 | I22: 2 | J22: 4 | K22: 129 | L22: 1352 | M22: 2340 | N22: 122 | O22: 6 | P22: 113 | Q22: Node={Node$0 | R22: Node$1 | S22: Node$2}left={Node$1->Node$0 | T22: Node$2->Node$1}right={Node$0->Node$1 | U22: Node$1->Node$0 | V22: Node$2->Node$0}
A23: binary-tree | B23: binary-tree-l19-c29.result.json | C23: 7 | D23: 10 | E23: 1 | F23: 1 | G23: 3 | H23: 2 | I23: 2 | J23: 3 | K23: 156 | L23: 2167 | M23: 4796 | N23: 267 | O23: 9 | P23: 244 | Q23: Node={Node$0 | R23: Node$1 | S23: Node$2}left={Node$0->Node$1 | T23: Node$2->Node$0}right={Node$2->Node$0}
A24: binary-tree | B24: binary-tree-l19-c31.result.json | C24: 10 | D24: 10 | E24: 1 | F24: 1 | G24: 3 | H24: 2 | I24: 2 | J24: 5 | K24: 129 | L24: 1352 | M24: 2340 | N24: 124 | O24: 5 | P24: 116 | Q24: Node={Node$0 | R24: Node$1 | S24: Node$2}left={Node$0->Node$2 | T24: Node$1->Node$0 | U24: Node$2->Node$1}right={Node$0->Node$1 | V24: Node$1->Node$0 | W24: Node$2->Node$0}
A25: binary-tree | B25: binary-tree-l7-c24.result.json | C25: 10 | D25: 10 | E25: 1 | F25: 1 | G25: 3 | H25: 2 | I25: 2 | J25: 4 | K25: 129 | L25: 1352 | M25: 2340 | N25: 115 | O25: 5 | P25: 107 | Q25: Node={Node$0 | R25: Node$1 | S25: Node$2}left={Node$0->Node$1 | T25: Node$1->Node$0 | U25: Node$2->Node$0}right={Node$0->Node$2 | V25: Node$1->Node$0 | W25: Node$2->Node$2}
A26: binary-tree | B26: binary-tree-l7-c39.result.json | C26: 10 | D26: 10 | E26: 1 | F26: 1 | G26: 3 | H26: 2 | I26: 2 | J26: 5 | K26: 129 | L26: 1352 | M26: 2340 | N26: 123 | O26: 6 | P26: 114 | Q26: Node={Node$0 | R26: Node$1 | S26: Node$2}left={Node$0->Node$1 | T26: Node$1->Node$2 | U26: Node$2->Node$0}right={Node$0->Node$1 | V26: Node$1->Node$0 | W26: Node$2->Node$0}
A27: class-diagram | B27: class-diagram-l14-c25.result.json | C27: 7 | D27: 9 | E27: 2 | F27: 2 | G27: 4 | H27: 1 | I27: 1 | J27: 2 | K27: 59 | L27: 655 | M27: 1299 | N27: 136 | O27: 8 | P27: 127 | Q27: Class={Object$0 | R27: Class$0 | S27: Class$1}ext={Object$0->Class$1 | T27: Class$1->Class$0}Object={Object$0}
A28: class-diagram | B28: class-diagram-l19-c17.result.json | C28: 2 | D28: 2 | E28: 2 | F28: 2 | G28: 3 | H28: 1 | I28: 1 | J28: 1 | K28: 14 | L28: 90 | M28: 125 | N28: 10 | O28: 2 | P28: 6 | Q28: Class={Object$0 | R28: Class$0}ext={Object$0->Class$0 | S28: Class$0->Class$0}Object={Object$0}
A29: class-diagram | B29: class-diagram-l19-c31.result.json | C29: 7 | D29: 10 | E29: 2 | F29: 2 | G29: 4 | H29: 1 | I29: 1 | J29: 2 | K29: 146 | L29: 1428 | M29: 2809 | N29: 297 | O29: 10 | P29: 284 | Q29: Class={Object$0 | R29: Class$0 | S29: Class$1}ext={Class$0->Object$0 | T29: Class$1->Class$0}Object={Object$0}
A30: class-diagram | B30: class-diagram-l19-c38.result.json | C30: 8 | D30: 9 | E30: 2 | F30: 2 | G30: 4 | H30: 1 | I30: 1 | J30: 2 | K30: 59 | L30: 593 | M30: 1133 | N30: 133 | O30: 8 | P30: 124 | Q30: Class={Object$0 | R30: Class$0 | S30: Class$1}ext={Object$0->Class$0 | T30: Class$0->Class$1 | U30: Class$1->Class$1}Object={Object$0}
A31: class-diagram | B31: class-diagram-l5-c23.result.json | C31: 1 | D31: 1 | E31: 2 | F31: 2 | G31: 3 | H31: 1 | I31: 1 | J31: 1 | K31: 11 | L31: 72 | M31: 98 | N31: 6 | O31: 5 | P31: 0 | Q31: Class={Object$0 | R31: Class$0}ext={Object$0->Class$0 | S31: Class$0->Class$0}Object={Object$0}
A32: class-diagram | B32: class-diagram-l9-c12.result.json | C32: 8 | D32: 8 | E32: 2 | F32: 2 | G32: 4 | H32: 1 | I32: 1 | J32: 2 | K32: 11 | L32: 240 | M32: 516 | N32: 105 | O32: 6 | P32: 97 | Q32: Class={Object$0 | R32: Class$0 | S32: Class$1}ext={Object$0->Class$1 | T32: Class$0->Object$0}Object={Object$0}
A33: classroom | B33: classroom-l10-c21.result.json | C33: 5 | D33: 5 | E33: 5 | F33: 5 | G33: 10 | H33: 3 | I33: 3 | J33: 7 | K33: 60 | L33: 623 | M33: 1017 | N33: 86 | O33: 4 | P33: 80 | Q33: Person={Person$0 | R33: Person$1}Tutors={Person$0->Person$0 | S33: Person$1->Person$0}Teaches={Person$0->Class$0 | T33: Person$0->Class$1 | U33: Person$0->Class$2}Group={Group$0 | V33: Group$1 | W33: Group$2}Class={Class$0 | X33: Class$1 | Y33: Class$2}Groups={Class$0->Person$0->Group$0 | Z33: Class$0->Person$0->Group$1 | AA33: Class$0->Person$0->Group$2 | AB33: Class$1->Person$0->Group$0 | AC33: Class$1->Person$0->Group$1 | AD33: Class$1->Person$0->Group$2 | AE33: Class$2->Person$0->Group$0 | AF33: Class$2->Person$0->Group$1 | AG33: Class$2->Person$0->Group$2}Teacher={Person$0}Student={Person$1}
A34: classroom | B34: classroom-l13-c15.result.json | C34: 4 | D34: 4 | E34: 5 | F34: 5 | G34: 10 | H34: 3 | I34: 3 | J34: 8 | K34: 60 | L34: 606 | M34: 980 | N34: 33 | O34: 4 | P34: 27 | Q34: Person={Person$0 | R34: Person$1}Tutors={Person$0->Person$0 | S34: Person$0->Person$1}Teaches={Person$0->Class$0 | T34: Person$0->Class$1 | U34: Person$0->Class$2}Group={Group$0 | V34: Group$1 | W34: Group$2}Class={Class$0 | X34: Class$1 | Y34: Class$2}Groups={Class$0->Person$0->Group$0 | Z34: Class$0->Person$0->Group$1 | AA34: Class$0->Person$0->Group$2 | AB34: Class$1->Person$0->Group$0 | AC34: Class$1->Person$0->Group$1 | AD34: Class$1->Person$0->Group$2 | AE34: Class$2->Person$0->Group$0 | AF34: Class$2->Person$0->Group$1 | AG34: Class$2->Person$0->Group$2}Teacher={Person$0}Student={Person$1}
A35: classroom | B35: classroom-l15-c15.result.json | C35: 4 | D35: 4 | E35: 5 | F35: 5 | G35: 10 | H35: 3 | I35: 3 | J35: 7 | K35: 60 | L35: 606 | M35: 980 | N35: 41 | O35: 11 | P35: 28 | Q35: Person={Person$0 | R35: Person$1}Tutors={Person$0->Person$0 | S35: Person$1->Person$0}Teaches={Person$0->Class$0 | T35: Person$0->Class$1 | U35: Person$0->Class$2}Group={Group$0 | V35: Group$1 | W35: Group$2}Class={Class$0 | X35: Class$1 | Y35: Class$2}Groups={Class$0->Person$0->Group$0 | Z35: Class$0->Person$0->Group$1 | AA35: Class$0->Person$0->Group$2 | AB35: Class$1->Person$0->Group$0 | AC35: Class$1->Person$0->Group$1 | AD35: Class$1->Person$0->Group$2 | AE35: Class$2->Person$0->Group$0 | AF35: Class$2->Person$0->Group$1 | AG35: Class$2->Person$0->Group$2}Teacher={Person$0}Student={Person$1}
A36: classroom | B36: classroom-l25-c15.result.json | C36: 9 | D36: 9 | E36: 5 | F36: 5 | G36: 10 | H36: 3 | I36: 3 | J36: 7 | K36: 60 | L36: 845 | M36: 1481 | N36: 423 | O36: 10 | P36: 408 | Q36: Person={Person$0 | R36: Person$1 | S36: Person$2}Tutors={Person$0->Person$1 | T36: Person$1->Person$0}Teaches={Person$0->Class$2 | U36: Person$2->Class$1}Group={Group$0}Class={Class$0 | V36: Class$1 | W36: Class$2}Groups={Class$0->Person$0->Group$0 | X36: Class$0->Person$1->Group$0 | Y36: Class$0->Person$2->Group$0 | Z36: Class$1->Person$0->Group$0 | AA36: Class$1->Person$1->Group$0 | AB36: Class$1->Person$2->Group$0 | AC36: Class$2->Person$0->Group$0 | AD36: Class$2->Person$1->Group$0}Teacher={Person$2}Student={Person$1 | AE36: Person$2}
A37: classroom | B37: classroom-l29-c12.result.json | C37: 9 | D37: 9 | E37: 5 | F37: 5 | G37: 9 | H37: 3 | I37: 3 | J37: 7 | K37: 60 | L37: 845 | M37: 1481 | N37: 219 | O37: 4 | P37: 209 | Q37: Person={Person$0 | R37: Person$1 | S37: Person$2}Tutors={Person$0->Person$2 | T37: Person$2->Person$0}Teaches={Person$1->Class$2 | U37: Person$2->Class$1}Group={Group$0}Class={Class$0 | V37: Class$1 | W37: Class$2}Groups={Class$0->Person$0->Group$0 | X37: Class$0->Person$1->Group$0 | Y37: Class$0->Person$2->Group$0 | Z37: Class$1->Person$0->Group$0 | AA37: Class$1->Person$1->Group$0 | AB37: Class$1->Person$2->Group$0}Teacher={Person$1}Student={Person$2}
A38: classroom | B38: classroom-l29-c22.result.json | C38: 9 | D38: 9 | E38: 5 | F38: 5 | G38: 8 | H38: 3 | I38: 2 | J38: 3 | K38: 60 | L38: 845 | M38: 1481 | N38: 201 | O38: 5 | P38: 191 | Q38: Person={Person$0 | R38: Person$1 | S38: Person$2}Tutors={Person$0->Person$2 | T38: Person$1->Person$0}Teaches={Person$1->Class$0}Group={Group$0}Class={Class$0}Teacher={Person$2}Student={Person$1 | U38: Person$2}
A39: classroom | B39: classroom-l33-c15.result.json | C39: 9 | D39: 9 | E39: 5 | F39: 5 | G39: 9 | H39: 3 | I39: 3 | J39: 10 | K39: 60 | L39: 811 | M39: 1517 | N39: 139 | O39: 10 | P39: 128 | Q39: Person={Person$0 | R39: Person$1 | S39: Person$2}Tutors={Person$0->Person$1 | T39: Person$1->Person$2 | U39: Person$2->Person$0}Teaches={Person$1->Class$0 | V39: Person$1->Class$1}Group={Group$0 | W39: Group$1}Class={Class$0 | X39: Class$1}Groups={Class$0->Person$0->Group$1 | Y39: Class$0->Person$1->Group$0 | Z39: Class$0->Person$1->Group$1 | AA39: Class$0->Person$2->Group$0 | AB39: Class$1->Person$0->Group$0}Teacher={Person$1}Student={Person$2}
A40: classroom | B40: classroom-l37-c25.result.json | C40: 9 | D40: 10 | E40: 5 | F40: 4 | G40: 8 | H40: 3 | I40: 3 | J40: 4 | K40: 126 | L40: 1195 | M40: 2121 | N40: 191 | O40: 10 | P40: 180 | Q40: Person={Person$0 | R40: Person$1 | S40: Person$2}Tutors={Person$0->Person$1 | T40: Person$1->Person$2}Teaches={Person$2->Class$0}Group={Group$0}Class={Class$0}Groups={Class$0->Person$1->Group$0}Teacher={Person$0 | U40: Person$1 | V40: Person$2}
A41: classroom | B41: classroom-l41-c31.result.json | C41: 7 | D41: 8 | E41: 5 | F41: 5 | G41: 10 | H41: 3 | I41: 2 | J41: 3 | K41: 144 | L41: 1429 | M41: 2487 | N41: 332 | O41: 10 | P41: 317 | Q41: Person={Person$0 | R41: Person$1 | S41: Person$2}Tutors={Person$0->Person$0 | T41: Person$1->Person$2}Teaches={Person$1->Class$2}Group={Group$0}Class={Class$0 | U41: Class$1 | V41: Class$2}Teacher={Person$2}Student={Person$1 | W41: Person$2}
A42: classroom | B42: classroom-l41-c39.result.json | C42: 6 | D42: 8 | E42: 5 | F42: 5 | G42: 7 | H42: 3 | I42: 2 | J42: 2 | K42: 87 | L42: 1014 | M42: 1772 | N42: 126 | O42: 9 | P42: 116 | Q42: Person={Person$0}Teaches={Person$0->Class$1}Group={Group$0 | R42: Group$1}Class={Class$0 | S42: Class$1}Groups={Class$0->Person$0->Group$1}Teacher={Person$0}Student={Person$0}
A43: classroom | B43: classroom-l45-c25.result.json | C43: 9 | D43: 10 | E43: 5 | F43: 4 | G43: 8 | H43: 3 | I43: 3 | J43: 4 | K43: 126 | L43: 1195 | M43: 2121 | N43: 98 | O43: 5 | P43: 91 | Q43: Person={Person$0 | R43: Person$1 | S43: Person$2}Tutors={Person$0->Person$1 | T43: Person$1->Person$2}Teaches={Person$0->Class$0}Group={Group$0}Class={Class$0}Groups={Class$0->Person$1->Group$0}Teacher={Person$0 | U43: Person$1 | V43: Person$2}
A44: classroom | B44: classroom-l49-c31.result.json | C44: 7 | D44: 8 | E44: 5 | F44: 5 | G44: 8 | H44: 3 | I44: 3 | J44: 5 | K44: 144 | L44: 1429 | M44: 2487 | N44: 182 | O44: 5 | P44: 172 | Q44: Person={Person$0 | R44: Person$1 | S44: Person$2}Tutors={Person$0->Person$2 | T44: Person$1->Person$1}Teaches={Person$0->Class$1 | U44: Person$2->Class$0}Group={Group$0}Class={Class$0 | V44: Class$1}Groups={Class$0->Person$1->Group$0}Teacher={Person$1}Student={Person$2}
A45: classroom | B45: classroom-l49-c39.result.json | C45: 6 | D45: 8 | E45: 5 | F45: 4 | G45: 9 | H45: 3 | I45: 3 | J45: 8 | K45: 87 | L45: 1014 | M45: 1772 | N45: 66 | O45: 4 | P45: 61 | Q45: Person={Person$0 | R45: Person$1}Tutors={Person$0->Person$0 | S45: Person$0->Person$1}Teaches={Person$0->Class$1 | T45: Person$0->Class$2}Group={Group$0 | U45: Group$1 | V45: Group$2}Class={Class$0 | W45: Class$1 | X45: Class$2}Groups={Class$0->Person$0->Group$1 | Y45: Class$0->Person$0->Group$2 | Z45: Class$0->Person$1->Group$0 | AA45: Class$1->Person$0->Group$0 | AB45: Class$1->Person$0->Group$1 | AC45: Class$1->Person$0->Group$2 | AD45: Class$2->Person$0->Group$0 | AE45: Class$2->Person$0->Group$1 | AF45: Class$2->Person$0->Group$2}Teacher={Person$1}
A46: classroom | B46: classroom-l53-c33.result.json | C46: 10 | D46: 10 | E46: 5 | F46: 4 | G46: 10 | H46: 3 | I46: 3 | J46: 8 | K46: 192 | L46: 1559 | M46: 2637 | N46: 200 | O46: 11 | P46: 187 | Q46: Person={Person$0 | R46: Person$1 | S46: Person$2}Tutors={Person$0->Person$1 | T46: Person$0->Person$2 | U46: Person$1->Person$0}Teaches={Person$0->Class$0 | V46: Person$0->Class$1 | W46: Person$1->Class$2 | X46: Person$2->Class$1 | Y46: Person$2->Class$2}Group={Group$0}Class={Class$0 | Z46: Class$1 | AA46: Class$2}Groups={Class$0->Person$1->Group$0 | AB46: Class$0->Person$2->Group$0 | AC46: Class$1->Person$1->Group$0 | AD46: Class$1->Person$2->Group$0}Student={Person$0 | AE46: Person$1 | AF46: Person$2}
A47: classroom | B47: classroom-l53-c36.result.json | C47: 9 | D47: 9 | E47: 5 | F47: 4 | G47: 9 | H47: 3 | I47: 3 | J47: 5 | K47: 186 | L47: 1427 | M47: 2335 | N47: 203 | O47: 10 | P47: 190 | Q47: Person={Person$0 | R47: Person$1 | S47: Person$2}Tutors={Person$0->Person$1 | T47: Person$1->Person$0 | U47: Person$2->Person$1}Teaches={Person$0->Class$1}Group={Group$0}Class={Class$0 | V47: Class$1}Groups={Class$0->Person$1->Group$0 | W47: Class$0->Person$2->Group$0 | X47: Class$1->Person$1->Group$0}Student={Person$0 | Y47: Person$1 | Z47: Person$2}
A48: classroom | B48: classroom-l57-c23.result.json | C48: 8 | D48: 8 | E48: 5 | F48: 5 | G48: 10 | H48: 3 | I48: 3 | J48: 9 | K48: 87 | L48: 1078 | M48: 1976 | N48: 119 | O48: 9 | P48: 108 | Q48: Person={Person$0 | R48: Person$1}Tutors={Person$0->Person$0 | S48: Person$0->Person$1}Teaches={Person$0->Class$1 | T48: Person$0->Class$2 | U48: Person$1->Class$0}Group={Group$0 | V48: Group$1 | W48: Group$2}Class={Class$0 | X48: Class$1 | Y48: Class$2}Groups={Class$0->Person$0->Group$0 | Z48: Class$0->Person$0->Group$1 | AA48: Class$0->Person$0->Group$2 | AB48: Class$1->Person$0->Group$0 | AC48: Class$1->Person$0->Group$1 | AD48: Class$1->Person$0->Group$2 | AE48: Class$2->Person$0->Group$0 | AF48: Class$2->Person$0->Group$1 | AG48: Class$2->Person$0->Group$2 | AH48: Class$2->Person$1->Group$2}Teacher={Person$0}Student={Person$1}
A49: classroom | B49: classroom-l57-c53.result.json | C49: 7 | D49: 8 | E49: 5 | F49: 4 | G49: 8 | H49: 3 | I49: 3 | J49: 6 | K49: 144 | L49: 1429 | M49: 2487 | N49: 180 | O49: 5 | P49: 170 | Q49: Person={Person$0 | R49: Person$1 | S49: Person$2}Tutors={Person$1->Person$2 | T49: Person$2->Person$0}Teaches={Person$1->Class$2}Group={Group$0}Class={Class$0 | U49: Class$1 | V49: Class$2}Groups={Class$0->Person$0->Group$0 | W49: Class$0->Person$1->Group$0 | X49: Class$0->Person$2->Group$0 | Y49: Class$1->Person$0->Group$0 | Z49: Class$1->Person$2->Group$0}Student={Person$2}
A50: classroom | B50: classroom-l57-c61.result.json | C50: 6 | D50: 8 | E50: 5 | F50: 4 | G50: 7 | H50: 3 | I50: 2 | J50: 2 | K50: 87 | L50: 1014 | M50: 1772 | N50: 70 | O50: 5 | P50: 64 | Q50: Person={Person$0}Teaches={Person$0->Class$2}Group={Group$0 | R50: Group$1}Class={Class$0 | S50: Class$1 | T50: Class$2}Groups={Class$1->Person$0->Group$1}Student={Person$0}
A51: classroom | B51: classroom-l61-c25.result.json | C51: 9 | D51: 10 | E51: 5 | F51: 4 | G51: 8 | H51: 3 | I51: 3 | J51: 4 | K51: 126 | L51: 1195 | M51: 2121 | N51: 200 | O51: 9 | P51: 189 | Q51: Person={Person$0 | R51: Person$1 | S51: Person$2}Tutors={Person$0->Person$1 | T51: Person$1->Person$2}Teaches={Person$0->Class$0}Group={Group$0}Class={Class$0}Groups={Class$0->Person$1->Group$0}Teacher={Person$0 | U51: Person$1 | V51: Person$2}
A52: classroom | B52: classroom-l61-c33.result.json | C52: 6 | D52: 8 | E52: 5 | F52: 4 | G52: 9 | H52: 3 | I52: 2 | J52: 5 | K52: 87 | L52: 1051 | M52: 1931 | N52: 125 | O52: 9 | P52: 115 | Q52: Person={Person$0 | R52: Person$1 | S52: Person$2}Tutors={Person$0->Person$1 | T52: Person$1->Person$0}Teaches={Person$0->Class$1 | U52: Person$0->Class$2 | V52: Person$1->Class$0}Class={Class$0 | W52: Class$1 | X52: Class$2}Teacher={Person$0 | Y52: Person$2}Student={Person$1}
A53: classroom | B53: classroom-l65-c12.result.json | C53: 10 | D53: 10 | E53: 5 | F53: 5 | G53: 10 | H53: 3 | I53: 3 | J53: 8 | K53: 60 | L53: 1125 | M53: 2030 | N53: 373 | O53: 9 | P53: 362 | Q53: Person={Person$0 | R53: Person$1}Tutors={Person$0->Person$0 | S53: Person$0->Person$1 | T53: Person$1->Person$1}Teaches={Person$0->Class$0 | U53: Person$0->Class$1 | V53: Person$0->Class$2}Group={Group$0 | W53: Group$1 | X53: Group$2}Class={Class$0 | Y53: Class$1 | Z53: Class$2}Groups={Class$0->Person$0->Group$0 | AA53: Class$0->Person$0->Group$1 | AB53: Class$0->Person$0->Group$2 | AC53: Class$1->Person$0->Group$0 | AD53: Class$1->Person$0->Group$1 | AE53: Class$1->Person$0->Group$2 | AF53: Class$2->Person$0->Group$0 | AG53: Class$2->Person$0->Group$1 | AH53: Class$2->Person$0->Group$2}Teacher={Person$0}Student={Person$1}
A54: classroom | B54: classroom-l65-c23.result.json | C54: 5 | D54: 5 | E54: 5 | F54: 5 | G54: 10 | H54: 3 | I54: 3 | J54: 7 | K54: 60 | L54: 623 | M54: 1017 | N54: 52 | O54: 8 | P54: 44 | Q54: Person={Person$0 | R54: Person$1}Tutors={Person$0->Person$0 | S54: Person$1->Person$0}Teaches={Person$0->Class$0 | T54: Person$0->Class$1 | U54: Person$0->Class$2}Group={Group$0 | V54: Group$1 | W54: Group$2}Class={Class$0 | X54: Class$1 | Y54: Class$2}Groups={Class$0->Person$0->Group$0 | Z54: Class$0->Person$0->Group$1 | AA54: Class$0->Person$0->Group$2 | AB54: Class$1->Person$0->Group$0 | AC54: Class$1->Person$0->Group$1 | AD54: Class$1->Person$0->Group$2 | AE54: Class$2->Person$0->Group$0 | AF54: Class$2->Person$0->Group$1 | AG54: Class$2->Person$0->Group$2}Teacher={Person$0}Student={Person$1}
A55: classroom | B55: classroom-l69-c30.result.json | C55: 8 | D55: 10 | E55: 5 | F55: 5 | G55: 9 | H55: 3 | I55: 2 | J55: 4 | K55: 330 | L55: 2288 | M55: 3603 | N55: 399 | O55: 12 | P55: 380 | Q55: Person={Person$0 | R55: Person$1 | S55: Person$2}Tutors={Person$1->Person$0 | T55: Person$2->Person$1}Group={Group$0}Class={Class$0 | U55: Class$1 | V55: Class$2}Groups={Class$0->Person$1->Group$0 | W55: Class$0->Person$2->Group$0}Teacher={Person$2}Student={Person$0}
A56: classroom | B56: classroom-l69-c33.result.json | C56: 8 | D56: 10 | E56: 5 | F56: 5 | G56: 10 | H56: 3 | I56: 3 | J56: 8 | K56: 228 | L56: 1896 | M56: 3237 | N56: 237 | O56: 14 | P56: 218 | Q56: Person={Person$0 | R56: Person$1 | S56: Person$2}Tutors={Person$0->Person$0 | T56: Person$1->Person$1}Teaches={Person$0->Class$0 | U56: Person$0->Class$1 | V56: Person$0->Class$2 | W56: Person$1->Class$2 | X56: Person$2->Class$0 | Y56: Person$2->Class$2}Group={Group$0}Class={Class$0 | Z56: Class$1 | AA56: Class$2}Groups={Class$1->Person$1->Group$0 | AB56: Class$1->Person$2->Group$0 | AC56: Class$2->Person$0->Group$0 | AD56: Class$2->Person$1->Group$0}Teacher={Person$1 | AE56: Person$2}Student={Person$2}
A57: classroom | B57: classroom-l69-c41.result.json | C57: 7 | D57: 7 | E57: 5 | F57: 5 | G57: 7 | H57: 3 | I57: 3 | J57: 7 | K57: 150 | L57: 1339 | M57: 1949 | N57: 199 | O57: 12 | P57: 186 | Q57: Person={Person$0 | R57: Person$1}Tutors={Person$1->Person$0 | S57: Person$1->Person$1}Teaches={Person$0->Class$0}Group={Group$0 | T57: Group$1}Class={Class$0}Groups={Class$0->Person$0->Group$0 | U57: Class$0->Person$0->Group$1 | V57: Class$0->Person$1->Group$0 | W57: Class$0->Person$1->Group$1}Teacher={Person$1}Student={Person$0}
A58: classroom | B58: classroom-l69-c63.result.json | C58: 6 | D58: 8 | E58: 5 | F58: 4 | G58: 8 | H58: 3 | I58: 2 | J58: 4 | K58: 114 | L58: 1212 | M58: 2069 | N58: 139 | O58: 9 | P58: 129 | Q58: Person={Person$0}Tutors={Person$0->Person$0}Group={Group$0 | R58: Group$1 | S58: Group$2}Class={Class$0 | T58: Class$1 | U58: Class$2}Groups={Class$0->Person$0->Group$2 | V58: Class$1->Person$0->Group$0 | W58: Class$1->Person$0->Group$1 | X58: Class$1->Person$0->Group$2 | Y58: Class$2->Person$0->Group$0 | Z58: Class$2->Person$0->Group$1}Teacher={Person$0}
A59: classroom | B59: classroom-l69-c68.result.json | C59: 5 | D59: 7 | E59: 5 | F59: 4 | G59: 7 | H59: 3 | I59: 1 | J59: 2 | K59: 186 | L59: 1318 | M59: 2013 | N59: 167 | O59: 12 | P59: 154 | Q59: Person={Person$0 | R59: Person$1}Group={Group$0}Class={Class$0 | S59: Class$1 | T59: Class$2}Groups={Class$0->Person$0->Group$0 | U59: Class$0->Person$1->Group$0 | V59: Class$1->Person$0->Group$0 | W59: Class$1->Person$1->Group$0 | X59: Class$2->Person$0->Group$0}Student={Person$1}
A60: classroom | B60: classroom-l69-c73.result.json | C60: 8 | D60: 10 | E60: 5 | F60: 5 | G60: 10 | H60: 3 | I60: 1 | J60: 3 | K60: 204 | L60: 1511 | M60: 2431 | N60: 164 | O60: 9 | P60: 153 | Q60: Person={Person$0 | R60: Person$1 | S60: Person$2}Tutors={Person$0->Person$1 | T60: Person$0->Person$2 | U60: Person$1->Person$0}Group={Group$0}Class={Class$0 | V60: Class$1 | W60: Class$2}Teacher={Person$1 | X60: Person$2}Student={Person$0}
A61: classroom | B61: classroom-l73-c32.result.json | C61: 6 | D61: 9 | E61: 5 | F61: 4 | G61: 7 | H61: 3 | I61: 3 | J61: 5 | K61: 168 | L61: 1813 | M61: 3502 | N61: 377 | O61: 16 | P61: 356 | Q61: Person={Person$0 | R61: Person$1 | S61: Person$2}Tutors={Person$0->Person$1 | T61: Person$2->Person$0}Teaches={Person$1->Class$1}Group={Group$0}Class={Class$0 | U61: Class$1}Groups={Class$0->Person$1->Group$0 | V61: Class$0->Person$2->Group$0}Student={Person$0}
A62: classroom | B62: classroom-l73-c42.result.json | C62: 9 | D62: 10 | E62: 5 | F62: 4 | G62: 6 | H62: 3 | I62: 2 | J62: 4 | K62: 120 | L62: 1067 | M62: 1782 | N62: 196 | O62: 10 | P62: 183 | Q62: Person={Person$0 | R62: Person$1 | S62: Person$2}Tutors={Person$0->Person$1 | T62: Person$0->Person$2 | U62: Person$1->Person$0}Teaches={Person$1->Class$0 | V62: Person$2->Class$0}Group={Group$0}Class={Class$0}Teacher={Person$0}
A63: classroom-fol | B63: classroom-fol-l12-c20.result.json | C63: 4 | D63: 4 | E63: 5 | F63: 5 | G63: 10 | H63: 3 | I63: 3 | J63: 7 | K63: 60 | L63: 606 | M63: 980 | N63: 39 | O63: 4 | P63: 34 | Q63: Person={Person$0 | R63: Person$1}Tutors={Person$0->Person$0 | S63: Person$1->Person$0}Teaches={Person$0->Class$0 | T63: Person$0->Class$1 | U63: Person$0->Class$2}Group={Group$0 | V63: Group$1 | W63: Group$2}Class={Class$0 | X63: Class$1 | Y63: Class$2}Groups={Class$0->Person$0->Group$0 | Z63: Class$0->Person$0->Group$1 | AA63: Class$0->Person$0->Group$2 | AB63: Class$1->Person$0->Group$0 | AC63: Class$1->Person$0->Group$1 | AD63: Class$1->Person$0->Group$2 | AE63: Class$2->Person$0->Group$0 | AF63: Class$2->Person$0->Group$1 | AG63: Class$2->Person$0->Group$2}Teacher={Person$0}Student={Person$1}
A64: classroom-fol | B64: classroom-fol-l14-c15.result.json | C64: 4 | D64: 4 | E64: 5 | F64: 5 | G64: 10 | H64: 3 | I64: 3 | J64: 7 | K64: 60 | L64: 606 | M64: 980 | N64: 44 | O64: 6 | P64: 37 | Q64: Person={Person$0 | R64: Person$1}Tutors={Person$0->Person$0 | S64: Person$1->Person$0}Teaches={Person$0->Class$0 | T64: Person$0->Class$1 | U64: Person$0->Class$2}Group={Group$0 | V64: Group$1 | W64: Group$2}Class={Class$0 | X64: Class$1 | Y64: Class$2}Groups={Class$0->Person$0->Group$0 | Z64: Class$0->Person$0->Group$1 | AA64: Class$0->Person$0->Group$2 | AB64: Class$1->Person$0->Group$0 | AC64: Class$1->Person$0->Group$1 | AD64: Class$1->Person$0->Group$2 | AE64: Class$2->Person$0->Group$0 | AF64: Class$2->Person$0->Group$1 | AG64: Class$2->Person$0->Group$2}Teacher={Person$0}Student={Person$1}
A65: classroom-fol | B65: classroom-fol-l17-c22.result.json | C65: 8 | D65: 10 | E65: 5 | F65: 5 | G65: 8 | H65: 3 | I65: 2 | J65: 4 | K65: 195 | L65: 1643 | M65: 2745 | N65: 441 | O65: 13 | P65: 419 | Q65: Person={Person$0 | R65: Person$1 | S65: Person$2}Tutors={Person$1->Person$2 | T65: Person$2->Person$0}Teaches={Person$0->Class$1 | U65: Person$1->Class$0 | V65: Person$2->Class$0}Group={Group$0}Class={Class$0 | W65: Class$1}Teacher={Person$1}Student={Person$0}
A66: classroom-fol | B66: classroom-fol-l21-c26.result.json | C66: 7 | D66: 10 | E66: 5 | F66: 4 | G66: 6 | H66: 3 | I66: 1 | J66: 2 | K66: 195 | L66: 1812 | M66: 3256 | N66: 332 | O66: 14 | P66: 307 | Q66: Person={Person$0 | R66: Person$1 | S66: Person$2}Tutors={Person$0->Person$1 | T66: Person$1->Person$0}Group={Group$0}Class={Class$0}Student={Person$0}
A67: classroom-fol | B67: classroom-fol-l25-c22.result.json | C67: 8 | D67: 10 | E67: 5 | F67: 5 | G67: 9 | H67: 3 | I67: 3 | J67: 5 | K67: 195 | L67: 1643 | M67: 2745 | N67: 255 | O67: 5 | P67: 243 | Q67: Person={Person$0 | R67: Person$1 | S67: Person$2}Tutors={Person$0->Person$0 | T67: Person$1->Person$1}Teaches={Person$0->Class$1 | U67: Person$1->Class$0 | V67: Person$2->Class$0}Group={Group$0}Class={Class$0 | W67: Class$1}Groups={Class$1->Person$0->Group$0}Teacher={Person$0 | X67: Person$2}Student={Person$2}
A68: classroom-fol | B68: classroom-fol-l25-c47.result.json | C68: 7 | D68: 10 | E68: 5 | F68: 5 | G68: 7 | H68: 3 | I68: 1 | J68: 2 | K68: 195 | L68: 1812 | M68: 3256 | N68: 240 | O68: 8 | P68: 226 | Q68: Person={Person$0 | R68: Person$1 | S68: Person$2}Tutors={Person$0->Person$1 | T68: Person$1->Person$0}Group={Group$0}Class={Class$0}Teacher={Person$0}Student={Person$2}
A69: classroom-fol | B69: classroom-fol-l29-c22.result.json | C69: 8 | D69: 10 | E69: 5 | F69: 5 | G69: 8 | H69: 3 | I69: 3 | J69: 5 | K69: 195 | L69: 1643 | M69: 2745 | N69: 233 | O69: 8 | P69: 219 | Q69: Person={Person$0 | R69: Person$1 | S69: Person$2}Tutors={Person$1->Person$0 | T69: Person$2->Person$1}Teaches={Person$0->Class$1 | U69: Person$1->Class$0 | V69: Person$2->Class$0}Group={Group$0}Class={Class$0 | W69: Class$1}Groups={Class$0->Person$0->Group$0}Teacher={Person$2}Student={Person$0}
A70: classroom-fol | B70: classroom-fol-l29-c38.result.json | C70: 8 | D70: 10 | E70: 5 | F70: 5 | G70: 8 | H70: 3 | I70: 2 | J70: 4 | K70: 195 | L70: 1643 | M70: 2745 | N70: 267 | O70: 7 | P70: 251 | Q70: Person={Person$0 | R70: Person$1 | S70: Person$2}Tutors={Person$1->Person$0 | T70: Person$2->Person$1}Teaches={Person$0->Class$1 | U70: Person$1->Class$0 | V70: Person$2->Class$0}Group={Group$0}Class={Class$0 | W70: Class$1}Teacher={Person$2}Student={Person$0}
A71: classroom-fol | B71: classroom-fol-l33-c14.result.json | C71: 9 | D71: 9 | E71: 5 | F71: 4 | G71: 8 | H71: 3 | I71: 3 | J71: 10 | K71: 60 | L71: 811 | M71: 1517 | N71: 164 | O71: 10 | P71: 151 | Q71: Person={Person$0 | R71: Person$1 | S71: Person$2}Tutors={Person$0->Person$1 | T71: Person$1->Person$2 | U71: Person$2->Person$0}Teaches={Person$1->Class$0 | V71: Person$1->Class$1}Group={Group$0 | W71: Group$1}Class={Class$0 | X71: Class$1}Groups={Class$0->Person$0->Group$1 | Y71: Class$0->Person$1->Group$0 | Z71: Class$0->Person$1->Group$1 | AA71: Class$0->Person$2->Group$0 | AB71: Class$1->Person$0->Group$0}Student={Person$2}
A72: classroom-fol | B72: classroom-fol-l37-c38.result.json | C72: 5 | D72: 7 | E72: 5 | F72: 4 | G72: 9 | H72: 3 | I72: 1 | J72: 3 | K72: 186 | L72: 1318 | M72: 2013 | N72: 205 | O72: 10 | P72: 193 | Q72: Person={Person$0 | R72: Person$1 | S72: Person$2}Group={Group$0}Class={Class$0 | T72: Class$1 | U72: Class$2}Groups={Class$0->Person$0->Group$0 | V72: Class$0->Person$1->Group$0 | W72: Class$0->Person$2->Group$0 | X72: Class$1->Person$0->Group$0 | Y72: Class$1->Person$1->Group$0 | Z72: Class$1->Person$2->Group$0 | AA72: Class$2->Person$0->Group$0 | AB72: Class$2->Person$1->Group$0}Teacher={Person$0 | AC72: Person$2}
A73: classroom-fol | B73: classroom-fol-l37-c43.result.json | C73: 7 | D73: 7 | E73: 5 | F73: 4 | G73: 9 | H73: 3 | I73: 3 | J73: 8 | K73: 186 | L73: 1778 | M73: 3129 | N73: 395 | O73: 16 | P73: 377 | Q73: Person={Person$0 | R73: Person$1 | S73: Person$2}Tutors={Person$0->Person$1 | T73: Person$1->Person$0 | U73: Person$2->Person$0}Teaches={Person$1->Class$1 | V73: Person$1->Class$2 | W73: Person$2->Class$0}Group={Group$0}Class={Class$0 | X73: Class$1 | Y73: Class$2}Groups={Class$1->Person$1->Group$0 | Z73: Class$1->Person$2->Group$0 | AA73: Class$2->Person$0->Group$0 | AB73: Class$2->Person$1->Group$0}Teacher={Person$0 | AC73: Person$2}
A74: classroom-fol | B74: classroom-fol-l41-c31.result.json | C74: 7 | D74: 8 | E74: 5 | F74: 5 | G74: 10 | H74: 3 | I74: 3 | J74: 4 | K74: 144 | L74: 1429 | M74: 2487 | N74: 359 | O74: 10 | P74: 339 | Q74: Person={Person$0 | R74: Person$1 | S74: Person$2}Tutors={Person$0->Person$2 | T74: Person$1->Person$0}Teaches={Person$1->Class$2}Group={Group$0 | U74: Group$1}Class={Class$0 | V74: Class$1 | W74: Class$2}Groups={Class$0->Person$0->Group$1}Teacher={Person$1}Student={Person$2}
A75: classroom-fol | B75: classroom-fol-l41-c39.result.json | C75: 6 | D75: 8 | E75: 5 | F75: 3 | G75: 7 | H75: 3 | I75: 2 | J75: 4 | K75: 87 | L75: 1014 | M75: 1772 | N75: 151 | O75: 10 | P75: 139 | Q75: Person={Person$0}Tutors={Person$0->Person$0}Group={Group$0 | R75: Group$1 | S75: Group$2}Class={Class$0 | T75: Class$1 | U75: Class$2}Groups={Class$0->Person$0->Group$2 | V75: Class$1->Person$0->Group$0 | W75: Class$1->Person$0->Group$1 | X75: Class$1->Person$0->Group$2 | Y75: Class$2->Person$0->Group$0 | Z75: Class$2->Person$0->Group$1}
A76: classroom-fol | B76: classroom-fol-l45-c37.result.json | C76: 5 | D76: 8 | E76: 5 | F76: 4 | G76: 9 | H76: 3 | I76: 1 | J76: 3 | K76: 312 | L76: 2201 | M76: 3318 | N76: 286 | O76: 13 | P76: 272 | Q76: Person={Person$0 | R76: Person$1 | S76: Person$2}Group={Group$0}Class={Class$0 | T76: Class$1 | U76: Class$2}Groups={Class$0->Person$0->Group$0 | V76: Class$0->Person$1->Group$0 | W76: Class$0->Person$2->Group$0 | X76: Class$1->Person$0->Group$0 | Y76: Class$1->Person$1->Group$0 | Z76: Class$1->Person$2->Group$0 | AA76: Class$2->Person$0->Group$0 | AB76: Class$2->Person$1->Group$0}Teacher={Person$0 | AC76: Person$2}
A77: classroom-fol | B77: classroom-fol-l45-c43.result.json | C77: 7 | D77: 7 | E77: 5 | F77: 4 | G77: 9 | H77: 3 | I77: 2 | J77: 5 | K77: 249 | L77: 2282 | M77: 3885 | N77: 419 | O77: 12 | P77: 405 | Q77: Person={Person$0 | R77: Person$1 | S77: Person$2}Tutors={Person$0->Person$2 | T77: Person$1->Person$0}Teaches={Person$1->Class$2 | U77: Person$2->Class$0 | V77: Person$2->Class$1 | W77: Person$2->Class$2}Group={Group$0}Class={Class$0 | X77: Class$1 | Y77: Class$2}Teacher={Person$0 | Z77: Person$2}
A78: classroom-fol | B78: classroom-fol-l45-c60.result.json | C78: 5 | D78: 8 | E78: 5 | F78: 4 | G78: 9 | H78: 3 | I78: 1 | J78: 3 | K78: 312 | L78: 2201 | M78: 3318 | N78: 153 | O78: 6 | P78: 146 | Q78: Person={Person$0 | R78: Person$1 | S78: Person$2}Group={Group$0}Class={Class$0 | T78: Class$1 | U78: Class$2}Groups={Class$0->Person$0->Group$0 | V78: Class$0->Person$1->Group$0 | W78: Class$0->Person$2->Group$0 | X78: Class$1->Person$0->Group$0 | Y78: Class$1->Person$1->Group$0 | Z78: Class$1->Person$2->Group$0 | AA78: Class$2->Person$0->Group$0 | AB78: Class$2->Person$1->Group$0}Teacher={Person$0 | AC78: Person$2}
A79: classroom-fol | B79: classroom-fol-l45-c66.result.json | C79: 6 | D79: 10 | E79: 5 | F79: 4 | G79: 9 | H79: 3 | I79: 2 | J79: 6 | K79: 321 | L79: 2310 | M79: 3549 | N79: 262 | O79: 12 | P79: 248 | Q79: Person={Person$0 | R79: Person$1 | S79: Person$2}Teaches={Person$0->Class$0 | T79: Person$0->Class$1 | U79: Person$0->Class$2 | V79: Person$1->Class$0 | W79: Person$1->Class$1 | X79: Person$1->Class$2 | Y79: Person$2->Class$0 | Z79: Person$2->Class$1}Group={Group$0}Class={Class$0 | AA79: Class$1 | AB79: Class$2}Groups={Class$0->Person$0->Group$0 | AC79: Class$0->Person$1->Group$0 | AD79: Class$0->Person$2->Group$0 | AE79: Class$1->Person$0->Group$0 | AF79: Class$1->Person$1->Group$0 | AG79: Class$1->Person$2->Group$0 | AH79: Class$2->Person$0->Group$0 | AI79: Class$2->Person$1->Group$0}Teacher={Person$0 | AJ79: Person$2}
A80: classroom-fol | B80: classroom-fol-l49-c31.result.json | C80: 7 | D80: 8 | E80: 5 | F80: 5 | G80: 9 | H80: 3 | I80: 2 | J80: 3 | K80: 144 | L80: 1429 | M80: 2487 | N80: 223 | O80: 5 | P80: 213 | Q80: Person={Person$0 | R80: Person$1 | S80: Person$2}Tutors={Person$0->Person$1 | T80: Person$2->Person$0}Teaches={Person$2->Class$0}Group={Group$0}Class={Class$0 | U80: Class$1}Teacher={Person$0}Student={Person$1 | V80: Person$2}
A81: classroom-fol | B81: classroom-fol-l49-c39.result.json | C81: 6 | D81: 8 | E81: 5 | F81: 3 | G81: 6 | H81: 3 | I81: 2 | J81: 4 | K81: 87 | L81: 1014 | M81: 1772 | N81: 84 | O81: 4 | P81: 78 | Q81: Person={Person$0}Teaches={Person$0->Class$1}Group={Group$0 | R81: Group$1 | S81: Group$2}Class={Class$0 | T81: Class$1}Groups={Class$0->Person$0->Group$0 | U81: Class$0->Person$0->Group$1 | V81: Class$0->Person$0->Group$2}
A82: classroom-fol | B82: classroom-fol-l53-c49.result.json | C82: 5 | D82: 8 | E82: 5 | F82: 4 | G82: 10 | H82: 3 | I82: 0 | J82: 0 | K82: 312 | L82: 2005 | M82: 2987 | N82: 239 | O82: 12 | P82: 226 | Q82: Person={Person$0 | R82: Person$1 | S82: Person$2}Group={Group$0 | T82: Group$1 | U82: Group$2}Class={Class$0 | V82: Class$1}Student={Person$0 | W82: Person$2}
A83: classroom-fol | B83: classroom-fol-l53-c54.result.json | C83: 5 | D83: 7 | E83: 5 | F83: 4 | G83: 11 | H83: 3 | I83: 0 | J83: 0 | K83: 249 | L83: 1692 | M83: 2552 | N83: 144 | O83: 15 | P83: 128 | Q83: Person={Person$0 | R83: Person$1 | S83: Person$2}Group={Group$0 | T83: Group$1 | U83: Group$2}Class={Class$0 | V83: Class$1 | W83: Class$2}Student={Person$0 | X83: Person$2}
A84: classroom-fol | B84: classroom-fol-l53-c59.result.json | C84: 4 | D84: 4 | E84: 5 | F84: 4 | G84: 10 | H84: 3 | I84: 2 | J84: 4 | K84: 114 | L84: 1365 | M84: 2441 | N84: 109 | O84: 11 | P84: 97 | Q84: Person={Person$0 | R84: Person$1 | S84: Person$2}Tutors={Person$0->Person$0 | T84: Person$1->Person$0 | U84: Person$1->Person$2}Teaches={Person$1->Class$0 | V84: Person$1->Class$2}Group={Group$0 | W84: Group$1 | X84: Group$2}Class={Class$0 | Y84: Class$1 | Z84: Class$2}Student={Person$2}
A85: classroom-fol | B85: classroom-fol-l57-c23.result.json | C85: 8 | D85: 8 | E85: 5 | F85: 5 | G85: 10 | H85: 3 | I85: 3 | J85: 9 | K85: 87 | L85: 1078 | M85: 1976 | N85: 140 | O85: 8 | P85: 130 | Q85: Person={Person$0 | R85: Person$1}Tutors={Person$0->Person$0 | S85: Person$0->Person$1}Teaches={Person$0->Class$1 | T85: Person$0->Class$2 | U85: Person$1->Class$0}Group={Group$0 | V85: Group$1 | W85: Group$2}Class={Class$0 | X85: Class$1 | Y85: Class$2}Groups={Class$0->Person$0->Group$0 | Z85: Class$0->Person$0->Group$1 | AA85: Class$0->Person$0->Group$2 | AB85: Class$1->Person$0->Group$0 | AC85: Class$1->Person$0->Group$1 | AD85: Class$1->Person$0->Group$2 | AE85: Class$2->Person$0->Group$0 | AF85: Class$2->Person$0->Group$1 | AG85: Class$2->Person$0->Group$2 | AH85: Class$2->Person$1->Group$2}Teacher={Person$0}Student={Person$1}
A86: classroom-fol | B86: classroom-fol-l57-c53.result.json | C86: 7 | D86: 8 | E86: 5 | F86: 5 | G86: 9 | H86: 3 | I86: 3 | J86: 4 | K86: 144 | L86: 1429 | M86: 2487 | N86: 200 | O86: 5 | P86: 190 | Q86: Person={Person$0 | R86: Person$1 | S86: Person$2}Tutors={Person$0->Person$1 | T86: Person$2->Person$0}Teaches={Person$2->Class$0}Group={Group$0}Class={Class$0 | U86: Class$1}Groups={Class$0->Person$0->Group$0}Teacher={Person$0}Student={Person$1 | V86: Person$2}
A87: classroom-fol | B87: classroom-fol-l57-c61.result.json | C87: 6 | D87: 8 | E87: 5 | F87: 4 | G87: 9 | H87: 3 | I87: 3 | J87: 8 | K87: 87 | L87: 1014 | M87: 1772 | N87: 82 | O87: 4 | P87: 77 | Q87: Person={Person$0 | R87: Person$1}Tutors={Person$0->Person$0 | S87: Person$0->Person$1}Teaches={Person$0->Class$1 | T87: Person$0->Class$2}Group={Group$0 | U87: Group$1 | V87: Group$2}Class={Class$0 | W87: Class$1 | X87: Class$2}Groups={Class$0->Person$0->Group$1 | Y87: Class$0->Person$0->Group$2 | Z87: Class$0->Person$1->Group$0 | AA87: Class$1->Person$0->Group$0 | AB87: Class$1->Person$0->Group$1 | AC87: Class$1->Person$0->Group$2 | AD87: Class$2->Person$0->Group$0 | AE87: Class$2->Person$0->Group$1 | AF87: Class$2->Person$0->Group$2}Student={Person$1}
A88: classroom-fol | B88: classroom-fol-l61-c25.result.json | C88: 9 | D88: 10 | E88: 5 | F88: 4 | G88: 8 | H88: 3 | I88: 3 | J88: 4 | K88: 126 | L88: 1195 | M88: 2121 | N88: 221 | O88: 11 | P88: 209 | Q88: Person={Person$0 | R88: Person$1 | S88: Person$2}Tutors={Person$0->Person$1 | T88: Person$1->Person$2}Teaches={Person$0->Class$0}Group={Group$0}Class={Class$0}Groups={Class$0->Person$1->Group$0}Teacher={Person$0 | U88: Person$1 | V88: Person$2}
A89: classroom-fol | B89: classroom-fol-l61-c33.result.json | C89: 5 | D89: 8 | E89: 5 | F89: 4 | G89: 8 | H89: 3 | I89: 2 | J89: 3 | K89: 87 | L89: 1051 | M89: 1931 | N89: 132 | O89: 9 | P89: 122 | Q89: Person={Person$0 | R89: Person$1 | S89: Person$2}Tutors={Person$0->Person$1 | T89: Person$1->Person$1}Teaches={Person$0->Class$0 | U89: Person$0->Class$1 | V89: Person$2->Class$1}Class={Class$0 | W89: Class$1}Teacher={Person$1 | X89: Person$2}Student={Person$1}
A90: classroom-fol | B90: classroom-fol-l65-c11.result.json | C90: 10 | D90: 10 | E90: 5 | F90: 5 | G90: 8 | H90: 3 | I90: 3 | J90: 5 | K90: 60 | L90: 1249 | M90: 2435 | N90: 377 | O90: 10 | P90: 365 | Q90: Person={Person$0 | R90: Person$1 | S90: Person$2}Tutors={Person$0->Person$1 | T90: Person$1->Person$0 | U90: Person$2->Person$0}Teaches={Person$0->Class$1 | V90: Person$1->Class$0 | W90: Person$2->Class$0}Group={Group$0}Class={Class$0 | X90: Class$1}Groups={Class$0->Person$1->Group$0}Teacher={Person$1}Student={Person$2}
A91: classroom-fol | B91: classroom-fol-l65-c22.result.json | C91: 5 | D91: 5 | E91: 5 | F91: 5 | G91: 10 | H91: 3 | I91: 3 | J91: 7 | K91: 60 | L91: 623 | M91: 1017 | N91: 55 | O91: 8 | P91: 46 | Q91: Person={Person$0 | R91: Person$1}Tutors={Person$0->Person$0 | S91: Person$1->Person$0}Teaches={Person$0->Class$0 | T91: Person$0->Class$1 | U91: Person$0->Class$2}Group={Group$0 | V91: Group$1 | W91: Group$2}Class={Class$0 | X91: Class$1 | Y91: Class$2}Groups={Class$0->Person$0->Group$0 | Z91: Class$0->Person$0->Group$1 | AA91: Class$0->Person$0->Group$2 | AB91: Class$1->Person$0->Group$0 | AC91: Class$1->Person$0->Group$1 | AD91: Class$1->Person$0->Group$2 | AE91: Class$2->Person$0->Group$0 | AF91: Class$2->Person$0->Group$1 | AG91: Class$2->Person$0->Group$2}Teacher={Person$0}Student={Person$1}
A92: classroom-fol | B92: classroom-fol-l69-c32.result.json | C92: 8 | D92: 10 | E92: 5 | F92: 5 | G92: 10 | H92: 3 | I92: 2 | J92: 3 | K92: 330 | L92: 2288 | M92: 3603 | N92: 406 | O92: 13 | P92: 387 | Q92: Person={Person$0 | R92: Person$1 | S92: Person$2}Tutors={Person$0->Person$1 | T92: Person$1->Person$0}Group={Group$0}Class={Class$0 | U92: Class$1}Groups={Class$0->Person$0->Group$0 | V92: Class$1->Person$0->Group$0}Teacher={Person$1 | W92: Person$2}Student={Person$0 | X92: Person$2}
A93: classroom-fol | B93: classroom-fol-l69-c35.result.json | C93: 8 | D93: 10 | E93: 5 | F93: 5 | G93: 9 | H93: 3 | I93: 3 | J93: 5 | K93: 228 | L93: 1896 | M93: 3237 | N93: 264 | O93: 11 | P93: 241 | Q93: Person={Person$0 | R93: Person$1 | S93: Person$2}Tutors={Person$0->Person$0 | T93: Person$2->Person$2}Teaches={Person$0->Class$1 | U93: Person$1->Class$1 | V93: Person$2->Class$0}Group={Group$0}Class={Class$0 | W93: Class$1}Groups={Class$0->Person$0->Group$0}Teacher={Person$1 | X93: Person$2}Student={Person$1}
A94: classroom-fol | B94: classroom-fol-l69-c43.result.json | C94: 7 | D94: 7 | E94: 5 | F94: 5 | G94: 6 | H94: 3 | I94: 3 | J94: 4 | K94: 150 | L94: 1339 | M94: 1949 | N94: 183 | O94: 10 | P94: 171 | Q94: Person={Person$0 | R94: Person$1}Tutors={Person$1->Person$0 | S94: Person$1->Person$1}Teaches={Person$0->Class$0}Group={Group$0}Class={Class$0}Groups={Class$0->Person$0->Group$0}Teacher={Person$1}Student={Person$0}
A95: classroom-fol | B95: classroom-fol-l69-c65.result.json | C95: 6 | D95: 8 | E95: 5 | F95: 3 | G95: 7 | H95: 3 | I95: 2 | J95: 4 | K95: 114 | L95: 1212 | M95: 2069 | N95: 125 | O95: 9 | P95: 115 | Q95: Person={Person$0}Teaches={Person$0->Class$1}Group={Group$0 | R95: Group$1 | S95: Group$2}Class={Class$0 | T95: Class$1 | U95: Class$2}Groups={Class$0->Person$0->Group$0 | V95: Class$0->Person$0->Group$1 | W95: Class$0->Person$0->Group$2 | X95: Class$1->Person$0->Group$0 | Y95: Class$1->Person$0->Group$1 | Z95: Class$1->Person$0->Group$2}
A96: classroom-fol | B96: classroom-fol-l69-c70.result.json | C96: 5 | D96: 7 | E96: 5 | F96: 4 | G96: 7 | H96: 3 | I96: 1 | J96: 2 | K96: 186 | L96: 1318 | M96: 2013 | N96: 143 | O96: 9 | P96: 133 | Q96: Person={Person$0 | R96: Person$1}Group={Group$0}Class={Class$0 | S96: Class$1 | T96: Class$2}Groups={Class$0->Person$0->Group$0 | U96: Class$0->Person$1->Group$0 | V96: Class$1->Person$0->Group$0 | W96: Class$1->Person$1->Group$0 | X96: Class$2->Person$0->Group$0}Student={Person$1}
A97: classroom-fol | B97: classroom-fol-l69-c75.result.json | C97: 8 | D97: 10 | E97: 5 | F97: 4 | G97: 9 | H97: 3 | I97: 2 | J97: 4 | K97: 204 | L97: 1511 | M97: 2431 | N97: 161 | O97: 11 | P97: 144 | Q97: Person={Person$0 | R97: Person$1 | S97: Person$2}Tutors={Person$0->Person$1 | T97: Person$2->Person$0}Group={Group$0}Class={Class$0 | U97: Class$1 | V97: Class$2}Groups={Class$0->Person$1->Group$0 | W97: Class$0->Person$2->Group$0}Teacher={Person$0 | X97: Person$1}
A98: classroom-fol | B98: classroom-fol-l73-c31.result.json | C98: 6 | D98: 9 | E98: 5 | F98: 3 | G98: 5 | H98: 3 | I98: 1 | J98: 2 | K98: 168 | L98: 1813 | M98: 3502 | N98: 272 | O98: 11 | P98: 255 | Q98: Person={Person$0 | R98: Person$1 | S98: Person$2}Tutors={Person$0->Person$1 | T98: Person$2->Person$0}Group={Group$0}Student={Person$0}
A99: classroom-fol | B99: classroom-fol-l73-c41.result.json | C99: 8 | D99: 10 | E99: 5 | F99: 5 | G99: 8 | H99: 3 | I99: 1 | J99: 2 | K99: 120 | L99: 1067 | M99: 1782 | N99: 186 | O99: 12 | P99: 172 | Q99: Person={Person$0 | R99: Person$1 | S99: Person$2}Tutors={Person$0->Person$1 | T99: Person$1->Person$0 | U99: Person$2->Person$0}Group={Group$0}Class={Class$0}Teacher={Person$0 | V99: Person$1}Student={Person$2}
A100: classroom-fol | B100: classroom-fol-l9-c20.result.json | C100: 5 | D100: 5 | E100: 5 | F100: 5 | G100: 10 | H100: 3 | I100: 3 | J100: 8 | K100: 60 | L100: 623 | M100: 1017 | N100: 72 | O100: 6 | P100: 63 | Q100: Person={Person$0 | R100: Person$1}Tutors={Person$0->Person$0 | S100: Person$0->Person$1}Teaches={Person$0->Class$0 | T100: Person$0->Class$1 | U100: Person$0->Class$2}Group={Group$0 | V100: Group$1 | W100: Group$2}Class={Class$0 | X100: Class$1 | Y100: Class$2}Groups={Class$0->Person$0->Group$0 | Z100: Class$0->Person$0->Group$1 | AA100: Class$0->Person$0->Group$2 | AB100: Class$1->Person$0->Group$0 | AC100: Class$1->Person$0->Group$1 | AD100: Class$1->Person$0->Group$2 | AE100: Class$2->Person$0->Group$0 | AF100: Class$2->Person$0->Group$1 | AG100: Class$2->Person$0->Group$2}Teacher={Person$0}Student={Person$1}
...

Sheet 10 target
A1: array | B1: array-l12-c18.result.json | C1: 3 | D1: 4 | E1: 2 | F1: 1 | G1: 1 | H1: 2 | I1: 1 | J1: 1 | K1: 67 | L1: 620 | M1: 1328 | N1: 227 | O1: 15 | P1: 199 | Q1: Array={Array$0}length={Array$0->0}
A2: array | B2: array-l18-c8.result.json | C2: 3 | D2: 4 | E2: 2 | F2: 1 | G2: 1 | H2: 2 | I2: 1 | J2: 1 | K2: 67 | L2: 620 | M2: 1328 | N2: 65 | O2: 9 | P2: 50 | Q2: Array={Array$0}length={Array$0->0}
A3: array | B3: array-l24-c17.result.json | C3: 4 | D3: 4 | E3: 2 | F3: 2 | G3: 2 | H3: 2 | I3: 2 | J3: 2 | K3: 83 | L3: 686 | M3: 1438 | N3: 63 | O3: 10 | P3: 46 | Q3: Element={Element$0}Array={Array$0}i2e={Array$0->0->Element$0}length={Array$0->1}
A4: array | B4: array-l24-c21.result.json | C4: 4 | D4: 4 | E4: 2 | F4: 2 | G4: 2 | H4: 2 | I4: 2 | J4: 2 | K4: 115 | L4: 789 | M4: 1599 | N4: 66 | O4: 15 | P4: 46 | Q4: Element={Element$0}Array={Array$0}i2e={Array$0->0->Element$0}length={Array$0->1}
A5: array | B5: array-l24-c55.result.json | C5: 5 | D5: 5 | E5: 2 | F5: 2 | G5: 2 | H5: 2 | I5: 2 | J5: 2 | K5: 99 | L5: 773 | M5: 1636 | N5: 75 | O5: 13 | P5: 57 | Q5: Element={Element$0}Array={Array$0}i2e={Array$0->0->Element$0}length={Array$0->1}
A6: array | B6: array-l31-c17.result.json | C6: 4 | D6: 4 | E6: 2 | F6: 2 | G6: 2 | H6: 2 | I6: 2 | J6: 2 | K6: 83 | L6: 686 | M6: 1438 | N6: 37 | O6: 8 | P6: 26 | Q6: Element={Element$0}Array={Array$0}i2e={Array$0->0->Element$0}length={Array$0->1}
A7: array | B7: array-l31-c21.result.json | C7: 4 | D7: 4 | E7: 2 | F7: 2 | G7: 2 | H7: 2 | I7: 2 | J7: 2 | K7: 115 | L7: 789 | M7: 1599 | N7: 32 | O7: 7 | P7: 21 | Q7: Element={Element$0}Array={Array$0}i2e={Array$0->0->Element$0}length={Array$0->1}
A8: array | B8: array-l31-c42.result.json | C8: 5 | D8: 5 | E8: 2 | F8: 2 | G8: 2 | H8: 2 | I8: 2 | J8: 2 | K8: 99 | L8: 773 | M8: 1636 | N8: 55 | O8: 10 | P8: 42 | Q8: Element={Element$0}Array={Array$0}i2e={Array$0->0->Element$0}length={Array$0->1}
A9: array | B9: array-l7-c14.result.json | C9: 2 | D9: 2 | E9: 2 | F9: 1 | G9: 1 | H9: 2 | I9: 1 | J9: 1 | K9: 67 | L9: 586 | M9: 1148 | N9: 27 | O9: 8 | P9: 15 | Q9: Array={Array$0}length={Array$0->0}
A10: bempl | B10: bempl-l16-c13.result.json | C10: 5 | D10: 7 | E10: 6 | F10: 5 | G10: 7 | H10: 3 | I10: 2 | J10: 3 | K10: 92 | L10: 847 | M10: 1450 | N10: 167 | O10: 11 | P10: 152 | Q10: Room={secure_lab$0 | R10: Room$0}secure_lab={secure_lab$0}Person={Employee$0}Employee={Employee$0}Key={Key$0 | S10: Key$1}authorized={Key$0->Employee$0 | T10: Key$1->Employee$0}opened_by={Key$0->Room$0 | U10: Key$1->secure_lab$0}
A11: bempl | B11: bempl-l16-c6.result.json | C11: 8 | D11: 10 | E11: 6 | F11: 6 | G11: 8 | H11: 3 | I11: 2 | J11: 2 | K11: 308 | L11: 2093 | M11: 3274 | N11: 368 | O11: 15 | P11: 346 | Q11: Room={secure_lab$0 | R11: Room$0}secure_lab={secure_lab$0}Person={Researcher$0 | S11: Employee$0}Employee={Employee$0}Researcher={Researcher$0}Key={Key$0}authorized={Key$0->Employee$0}opened_by={Key$0->Room$0}
A12: bempl | B12: bempl-l16-c8.result.json | C12: 4 | D12: 4 | E12: 6 | F12: 6 | G12: 7 | H12: 3 | I12: 3 | J12: 3 | K12: 56 | L12: 563 | M12: 923 | N12: 39 | O12: 5 | P12: 31 | Q12: Room={secure_lab$0}secure_lab={secure_lab$0}Person={Employee$0 | R12: Researcher$0}owns={Researcher$0->Key$0}Employee={Employee$0}Researcher={Researcher$0}Key={Key$0}authorized={Key$0->Employee$0}opened_by={Key$0->secure_lab$0}
A13: bempl | B13: bempl-l2-c27.result.json | C13: 5 | D13: 5 | E13: 6 | F13: 5 | G13: 6 | H13: 3 | I13: 0 | J13: 0 | K13: 38 | L13: 392 | M13: 659 | N13: 70 | O13: 6 | P13: 61 | Q13: Room={secure_lab$0}secure_lab={secure_lab$0}Person={Researcher$0 | R13: Employee$0}Employee={Employee$0}Researcher={Researcher$0}
A14: bempl | B14: bempl-l20-c14.result.json | C14: 8 | D14: 8 | E14: 6 | F14: 6 | G14: 7 | H14: 3 | I14: 3 | J14: 3 | K14: 134 | L14: 1171 | M14: 2033 | N14: 120 | O14: 6 | P14: 112 | Q14: Room={secure_lab$0}secure_lab={secure_lab$0}Person={Researcher$0 | R14: Employee$0}owns={Researcher$0->Key$0}Employee={Employee$0}Researcher={Researcher$0}Key={Key$0}authorized={Key$0->Employee$0}opened_by={Key$0->secure_lab$0}
A15: bempl | B15: bempl-l25-c56.result.json | C15: 8 | D15: 10 | E15: 6 | F15: 6 | G15: 12 | H15: 3 | I15: 3 | J15: 3 | K15: 423 | L15: 3088 | M15: 5229 | N15: 260 | O15: 18 | P15: 236 | Q15: Room={secure_lab$0 | R15: Room$0}secure_lab={secure_lab$0}Person={Researcher$0 | S15: Employee$0 | T15: Employee$1 | U15: Researcher$1}owns={Researcher$0->Key$0}Employee={Employee$0 | V15: Employee$1}Researcher={Researcher$0 | W15: Researcher$1}Key={Key$0}authorized={Key$0->Employee$0}opened_by={Key$0->Room$0}
A16: bempl | B16: bempl-l7-c21.result.json | C16: 6 | D16: 6 | E16: 6 | F16: 5 | G16: 7 | H16: 3 | I16: 0 | J16: 0 | K16: 38 | L16: 393 | M16: 661 | N16: 83 | O16: 8 | P16: 73 | Q16: Room={secure_lab$0 | R16: Room$0}secure_lab={secure_lab$0}Person={Researcher$0 | S16: Employee$0}Employee={Employee$0}Researcher={Researcher$0}
A17: bempl | B17: bempl-l8-c23.result.json | C17: 5 | D17: 5 | E17: 6 | F17: 5 | G17: 7 | H17: 3 | I17: 0 | J17: 0 | K17: 38 | L17: 378 | M17: 634 | N17: 39 | O17: 3 | P17: 34 | Q17: Room={secure_lab$0 | R17: Room$0}secure_lab={secure_lab$0}Person={Researcher$0 | S17: Employee$0}Employee={Employee$0}Researcher={Researcher$0}
A18: binary-tree | B18: binary-tree-l11-c25.result.json | C18: 10 | D18: 10 | E18: 1 | F18: 1 | G18: 3 | H18: 2 | I18: 2 | J18: 4 | K18: 129 | L18: 1352 | M18: 2361 | N18: 219 | O18: 11 | P18: 204 | Q18: Node={Node$0 | R18: Node$1 | S18: Node$2}left={Node$0->Node$1 | T18: Node$2->Node$0}right={Node$0->Node$2 | U18: Node$2->Node$1}
A19: binary-tree | B19: binary-tree-l11-c34.result.json | C19: 9 | D19: 10 | E19: 1 | F19: 1 | G19: 3 | H19: 2 | I19: 2 | J19: 4 | K19: 108 | L19: 1097 | M19: 1913 | N19: 126 | O19: 11 | P19: 107 | Q19: Node={Node$0 | R19: Node$1 | S19: Node$2}left={Node$0->Node$1 | T19: Node$1->Node$2}right={Node$0->Node$1 | U19: Node$2->Node$0}
A20: binary-tree | B20: binary-tree-l15-c24.result.json | C20: 10 | D20: 10 | E20: 1 | F20: 1 | G20: 3 | H20: 2 | I20: 2 | J20: 4 | K20: 129 | L20: 1352 | M20: 2361 | N20: 141 | O20: 8 | P20: 129 | Q20: Node={Node$0 | R20: Node$1 | S20: Node$2}left={Node$0->Node$1 | T20: Node$1->Node$2}right={Node$0->Node$2 | U20: Node$2->Node$1}
A21: binary-tree | B21: binary-tree-l15-c33.result.json | C21: 10 | D21: 10 | E21: 1 | F21: 1 | G21: 3 | H21: 2 | I21: 2 | J21: 4 | K21: 129 | L21: 1260 | M21: 2193 | N21: 153 | O21: 11 | P21: 134 | Q21: Node={Node$0 | R21: Node$1 | S21: Node$2}left={Node$0->Node$2 | T21: Node$2->Node$1}right={Node$0->Node$1 | U21: Node$2->Node$0}
A22: binary-tree | B22: binary-tree-l19-c22.result.json | C22: 10 | D22: 10 | E22: 1 | F22: 1 | G22: 3 | H22: 2 | I22: 2 | J22: 4 | K22: 129 | L22: 1352 | M22: 2361 | N22: 122 | O22: 7 | P22: 111 | Q22: Node={Node$0 | R22: Node$1 | S22: Node$2}left={Node$1->Node$0 | T22: Node$2->Node$1}right={Node$0->Node$1 | U22: Node$2->Node$0}
A23: binary-tree | B23: binary-tree-l19-c29.result.json | C23: 5 | D23: 10 | E23: 1 | F23: 1 | G23: 3 | H23: 2 | I23: 2 | J23: 2 | K23: 156 | L23: 2167 | M23: 4817 | N23: 254 | O23: 11 | P23: 228 | Q23: Node={Node$0 | R23: Node$1 | S23: Node$2}left={Node$0->Node$2}right={Node$1->Node$0}
A24: binary-tree | B24: binary-tree-l19-c31.result.json | C24: 10 | D24: 10 | E24: 1 | F24: 1 | G24: 3 | H24: 2 | I24: 2 | J24: 4 | K24: 129 | L24: 1352 | M24: 2361 | N24: 125 | O24: 7 | P24: 115 | Q24: Node={Node$0 | R24: Node$1 | S24: Node$2}left={Node$1->Node$0 | T24: Node$2->Node$1}right={Node$0->Node$2 | U24: Node$2->Node$1}
A25: binary-tree | B25: binary-tree-l7-c24.result.json | C25: 10 | D25: 10 | E25: 1 | F25: 1 | G25: 3 | H25: 2 | I25: 2 | J25: 4 | K25: 129 | L25: 1352 | M25: 2361 | N25: 121 | O25: 7 | P25: 110 | Q25: Node={Node$0 | R25: Node$1 | S25: Node$2}left={Node$0->Node$1 | T25: Node$1->Node$2}right={Node$0->Node$2 | U25: Node$2->Node$1}
A26: binary-tree | B26: binary-tree-l7-c39.result.json | C26: 10 | D26: 10 | E26: 1 | F26: 1 | G26: 3 | H26: 2 | I26: 2 | J26: 4 | K26: 129 | L26: 1352 | M26: 2361 | N26: 115 | O26: 7 | P26: 105 | Q26: Node={Node$0 | R26: Node$1 | S26: Node$2}left={Node$1->Node$2 | T26: Node$2->Node$0}right={Node$1->Node$0 | U26: Node$2->Node$1}
A27: class-diagram | B27: class-diagram-l14-c25.result.json | C27: 7 | D27: 9 | E27: 2 | F27: 2 | G27: 4 | H27: 1 | I27: 1 | J27: 2 | K27: 59 | L27: 655 | M27: 1310 | N27: 136 | O27: 9 | P27: 123 | Q27: Class={Object$0 | R27: Class$0 | S27: Class$1}ext={Class$0->Class$1 | T27: Class$1->Object$0}Object={Object$0}
A28: class-diagram | B28: class-diagram-l19-c17.result.json | C28: 2 | D28: 2 | E28: 2 | F28: 2 | G28: 3 | H28: 1 | I28: 0 | J28: 0 | K28: 14 | L28: 90 | M28: 136 | N28: 10 | O28: 2 | P28: 6 | Q28: Class={Object$0 | R28: Class$0}Object={Object$0}
A29: class-diagram | B29: class-diagram-l19-c31.result.json | C29: 7 | D29: 10 | E29: 2 | F29: 2 | G29: 4 | H29: 1 | I29: 1 | J29: 2 | K29: 146 | L29: 1428 | M29: 2820 | N29: 267 | O29: 10 | P29: 253 | Q29: Class={Object$0 | R29: Class$0 | S29: Class$1}ext={Class$0->Object$0 | T29: Class$1->Class$0}Object={Object$0}
A30: class-diagram | B30: class-diagram-l19-c38.result.json | C30: 9 | D30: 9 | E30: 2 | F30: 2 | G30: 4 | H30: 1 | I30: 1 | J30: 2 | K30: 59 | L30: 593 | M30: 1144 | N30: 105 | O30: 9 | P30: 95 | Q30: Class={Object$0 | R30: Class$0 | S30: Class$1}ext={Object$0->Class$1 | T30: Class$0->Object$0}Object={Object$0}
A31: class-diagram | B31: class-diagram-l5-c23.result.json | C31: 1 | D31: 1 | E31: 2 | F31: 2 | G31: 2 | H31: 1 | I31: 0 | J31: 0 | K31: 11 | L31: 72 | M31: 109 | N31: 8 | O31: 6 | P31: 0 | Q31: Class={Object$0}Object={Object$0}
A32: class-diagram | B32: class-diagram-l9-c12.result.json | C32: 8 | D32: 8 | E32: 2 | F32: 2 | G32: 4 | H32: 1 | I32: 1 | J32: 2 | K32: 11 | L32: 240 | M32: 527 | N32: 101 | O32: 3 | P32: 96 | Q32: Class={Object$0 | R32: Class$0 | S32: Class$1}ext={Object$0->Class$1 | T32: Class$0->Object$0}Object={Object$0}
A33: classroom | B33: classroom-l10-c21.result.json | C33: 5 | D33: 5 | E33: 5 | F33: 4 | G33: 5 | H33: 3 | I33: 0 | J33: 0 | K33: 60 | L33: 623 | M33: 1077 | N33: 89 | O33: 5 | P33: 82 | Q33: Person={Person$0 | R33: Person$1}Group={Group$0}Class={Class$0}Student={Person$1}
A34: classroom | B34: classroom-l13-c15.result.json | C34: 4 | D34: 4 | E34: 5 | F34: 3 | G34: 3 | H34: 3 | I34: 0 | J34: 0 | K34: 60 | L34: 606 | M34: 1040 | N34: 35 | O34: 4 | P34: 29 | Q34: Person={Person$0}Group={Group$0}Class={Class$0}
A35: classroom | B35: classroom-l15-c15.result.json | C35: 4 | D35: 4 | E35: 5 | F35: 3 | G35: 3 | H35: 3 | I35: 0 | J35: 0 | K35: 60 | L35: 606 | M35: 1040 | N35: 52 | O35: 13 | P35: 37 | Q35: Person={Person$0}Group={Group$0}Class={Class$0}
A36: classroom | B36: classroom-l25-c15.result.json | C36: 9 | D36: 9 | E36: 5 | F36: 5 | G36: 8 | H36: 3 | I36: 2 | J36: 3 | K36: 60 | L36: 845 | M36: 1541 | N36: 407 | O36: 11 | P36: 390 | Q36: Person={Person$0 | R36: Person$1 | S36: Person$2}Tutors={Person$0->Person$1 | T36: Person$1->Person$0}Teaches={Person$1->Class$0}Group={Group$0}Class={Class$0}Teacher={Person$2}Student={Person$1 | U36: Person$2}
A37: classroom | B37: classroom-l29-c12.result.json | C37: 9 | D37: 9 | E37: 5 | F37: 5 | G37: 8 | H37: 3 | I37: 2 | J37: 3 | K37: 60 | L37: 845 | M37: 1541 | N37: 220 | O37: 7 | P37: 205 | Q37: Person={Person$0 | R37: Person$1 | S37: Person$2}Tutors={Person$0->Person$1 | T37: Person$1->Person$0}Teaches={Person$1->Class$0}Group={Group$0}Class={Class$0}Teacher={Person$2}Student={Person$1 | U37: Person$2}
A38: classroom | B38: classroom-l29-c22.result.json | C38: 9 | D38: 9 | E38: 5 | F38: 5 | G38: 8 | H38: 3 | I38: 2 | J38: 3 | K38: 60 | L38: 845 | M38: 1541 | N38: 213 | O38: 6 | P38: 201 | Q38: Person={Person$0 | R38: Person$1 | S38: Person$2}Tutors={Person$0->Person$1 | T38: Person$1->Person$0}Teaches={Person$1->Class$0}Group={Group$0}Class={Class$0}Teacher={Person$2}Student={Person$1 | U38: Person$2}
A39: classroom | B39: classroom-l33-c15.result.json | C39: 9 | D39: 9 | E39: 5 | F39: 2 | G39: 4 | H39: 3 | I39: 2 | J39: 3 | K39: 60 | L39: 811 | M39: 1577 | N39: 152 | O39: 12 | P39: 139 | Q39: Person={Person$0 | R39: Person$1 | S39: Person$2}Tutors={Person$0->Person$2 | T39: Person$1->Person$0}Teaches={Person$2->Class$0}Class={Class$0}
A40: classroom | B40: classroom-l37-c25.result.json | C40: 9 | D40: 10 | E40: 5 | F40: 3 | G40: 5 | H40: 3 | I40: 2 | J40: 3 | K40: 126 | L40: 1195 | M40: 2181 | N40: 185 | O40: 17 | P40: 166 | Q40: Person={Person$0 | R40: Person$1 | S40: Person$2}Tutors={Person$0->Person$1 | T40: Person$1->Person$2}Teaches={Person$0->Class$0}Class={Class$0}Teacher={Person$2}
A41: classroom | B41: classroom-l41-c31.result.json | C41: 7 | D41: 8 | E41: 5 | F41: 3 | G41: 6 | H41: 3 | I41: 2 | J41: 3 | K41: 144 | L41: 1429 | M41: 2547 | N41: 305 | O41: 12 | P41: 288 | Q41: Person={Person$0 | R41: Person$1 | S41: Person$2}Tutors={Person$1->Person$2 | T41: Person$2->Person$0}Teaches={Person$1->Class$1}Class={Class$0 | U41: Class$1}Student={Person$2}
A42: classroom | B42: classroom-l41-c39.result.json | C42: 6 | D42: 8 | E42: 5 | F42: 3 | G42: 4 | H42: 3 | I42: 2 | J42: 2 | K42: 87 | L42: 1014 | M42: 1832 | N42: 123 | O42: 9 | P42: 112 | Q42: Person={Person$0}Teaches={Person$0->Class$1}Group={Group$0}Class={Class$0 | R42: Class$1}Groups={Class$1->Person$0->Group$0}
A43: classroom | B43: classroom-l45-c25.result.json | C43: 10 | D43: 10 | E43: 5 | F43: 3 | G43: 5 | H43: 3 | I43: 2 | J43: 3 | K43: 126 | L43: 1195 | M43: 2181 | N43: 107 | O43: 6 | P43: 99 | Q43: Person={Person$0 | R43: Person$1 | S43: Person$2}Tutors={Person$0->Person$1 | T43: Person$1->Person$2}Teaches={Person$1->Class$0}Class={Class$0}Teacher={Person$2}
A44: classroom | B44: classroom-l49-c31.result.json | C44: 7 | D44: 8 | E44: 5 | F44: 3 | G44: 6 | H44: 3 | I44: 2 | J44: 3 | K44: 144 | L44: 1429 | M44: 2547 | N44: 174 | O44: 6 | P44: 162 | Q44: Person={Person$0 | R44: Person$1 | S44: Person$2}Tutors={Person$1->Person$2 | T44: Person$2->Person$0}Teaches={Person$1->Class$1}Class={Class$0 | U44: Class$1}Student={Person$2}
A45: classroom | B45: classroom-l49-c39.result.json | C45: 6 | D45: 8 | E45: 5 | F45: 3 | G45: 4 | H45: 3 | I45: 2 | J45: 2 | K45: 87 | L45: 1014 | M45: 1832 | N45: 69 | O45: 5 | P45: 63 | Q45: Person={Person$0}Teaches={Person$0->Class$1}Group={Group$0}Class={Class$0 | R45: Class$1}Groups={Class$1->Person$0->Group$0}
A46: classroom | B46: classroom-l53-c33.result.json | C46: 8 | D46: 10 | E46: 5 | F46: 3 | G46: 5 | H46: 3 | I46: 2 | J46: 3 | K46: 192 | L46: 1559 | M46: 2697 | N46: 196 | O46: 11 | P46: 183 | Q46: Person={Person$0 | R46: Person$1 | S46: Person$2}Tutors={Person$1->Person$0 | T46: Person$2->Person$1}Teaches={Person$2->Class$0}Class={Class$0}Student={Person$2}
A47: classroom | B47: classroom-l53-c36.result.json | C47: 8 | D47: 9 | E47: 5 | F47: 3 | G47: 5 | H47: 3 | I47: 2 | J47: 3 | K47: 186 | L47: 1427 | M47: 2395 | N47: 200 | O47: 10 | P47: 187 | Q47: Person={Person$0 | R47: Person$1 | S47: Person$2}Tutors={Person$0->Person$1 | T47: Person$1->Person$2}Teaches={Person$0->Class$0}Class={Class$0}Student={Person$2}
A48: classroom | B48: classroom-l57-c23.result.json | C48: 6 | D48: 8 | E48: 5 | F48: 3 | G48: 5 | H48: 3 | I48: 2 | J48: 3 | K48: 87 | L48: 1078 | M48: 2036 | N48: 118 | O48: 10 | P48: 106 | Q48: Person={Person$0 | R48: Person$1}Tutors={Person$0->Person$1}Teaches={Person$0->Class$1 | S48: Person$1->Class$0}Class={Class$0 | T48: Class$1}Student={Person$1}
A49: classroom | B49: classroom-l57-c53.result.json | C49: 7 | D49: 8 | E49: 5 | F49: 3 | G49: 6 | H49: 3 | I49: 2 | J49: 3 | K49: 144 | L49: 1429 | M49: 2547 | N49: 192 | O49: 9 | P49: 178 | Q49: Person={Person$0 | R49: Person$1 | S49: Person$2}Tutors={Person$0->Person$1 | T49: Person$2->Person$0}Teaches={Person$1->Class$1}Class={Class$0 | U49: Class$1}Student={Person$2}
A50: classroom | B50: classroom-l57-c61.result.json | C50: 6 | D50: 8 | E50: 5 | F50: 3 | G50: 4 | H50: 3 | I50: 2 | J50: 2 | K50: 87 | L50: 1014 | M50: 1832 | N50: 71 | O50: 5 | P50: 65 | Q50: Person={Person$0}Teaches={Person$0->Class$1}Group={Group$0}Class={Class$0 | R50: Class$1}Groups={Class$1->Person$0->Group$0}
A51: classroom | B51: classroom-l61-c25.result.json | C51: 9 | D51: 10 | E51: 5 | F51: 3 | G51: 5 | H51: 3 | I51: 2 | J51: 3 | K51: 126 | L51: 1195 | M51: 2181 | N51: 180 | O51: 11 | P51: 167 | Q51: Person={Person$0 | R51: Person$1 | S51: Person$2}Tutors={Person$0->Person$2 | T51: Person$1->Person$0}Teaches={Person$1->Class$0}Class={Class$0}Teacher={Person$2}
A52: classroom | B52: classroom-l61-c33.result.json | C52: 5 | D52: 8 | E52: 5 | F52: 3 | G52: 7 | H52: 3 | I52: 2 | J52: 3 | K52: 87 | L52: 1051 | M52: 1991 | N52: 114 | O52: 6 | P52: 105 | Q52: Person={Person$0 | R52: Person$1 | S52: Person$2}Tutors={Person$2->Person$2}Teaches={Person$0->Class$1 | T52: Person$2->Class$0}Class={Class$0 | U52: Class$1}Teacher={Person$1 | V52: Person$2}
A53: classroom | B53: classroom-l65-c12.result.json | C53: 10 | D53: 10 | E53: 5 | F53: 3 | G53: 4 | H53: 3 | I53: 0 | J53: 0 | K53: 60 | L53: 1125 | M53: 2090 | N53: 383 | O53: 9 | P53: 372 | Q53: Person={Person$0 | R53: Person$1}Teacher={Person$0}Student={Person$1}
A54: classroom | B54: classroom-l65-c23.result.json | C54: 5 | D54: 5 | E54: 5 | F54: 4 | G54: 5 | H54: 3 | I54: 0 | J54: 0 | K54: 60 | L54: 623 | M54: 1077 | N54: 53 | O54: 8 | P54: 44 | Q54: Person={Person$0 | R54: Person$1}Group={Group$0}Class={Class$0}Teacher={Person$1}
A55: classroom | B55: classroom-l69-c30.result.json | C55: 8 | D55: 10 | E55: 5 | F55: 5 | G55: 8 | H55: 3 | I55: 1 | J55: 2 | K55: 330 | L55: 2288 | M55: 3663 | N55: 359 | O55: 15 | P55: 337 | Q55: Person={Person$0 | R55: Person$1 | S55: Person$2}Tutors={Person$1->Person$0 | T55: Person$2->Person$1}Group={Group$0}Class={Class$0 | U55: Class$1}Teacher={Person$2}Student={Person$0}
A56: classroom | B56: classroom-l69-c33.result.json | C56: 6 | D56: 10 | E56: 5 | F56: 4 | G56: 6 | H56: 3 | I56: 1 | J56: 3 | K56: 228 | L56: 1896 | M56: 3297 | N56: 202 | O56: 16 | P56: 181 | Q56: Person={Person$0 | R56: Person$1 | S56: Person$2}Tutors={Person$0->Person$2 | T56: Person$1->Person$0 | U56: Person$1->Person$1}Class={Class$0}Teacher={Person$1}Student={Person$0}
A57: classroom | B57: classroom-l69-c41.result.json | C57: 6 | D57: 7 | E57: 5 | F57: 2 | G57: 3 | H57: 3 | I57: 2 | J57: 3 | K57: 150 | L57: 1339 | M57: 2009 | N57: 172 | O57: 10 | P57: 161 | Q57: Person={Person$0 | R57: Person$1}Tutors={Person$0->Person$0 | S57: Person$0->Person$1}Teaches={Person$1->Class$0}Class={Class$0}
A58: classroom | B58: classroom-l69-c63.result.json | C58: 6 | D58: 8 | E58: 5 | F58: 3 | G58: 4 | H58: 3 | I58: 2 | J58: 2 | K58: 114 | L58: 1212 | M58: 2129 | N58: 103 | O58: 9 | P58: 92 | Q58: Person={Person$0}Teaches={Person$0->Class$1}Group={Group$0}Class={Class$0 | R58: Class$1}Groups={Class$0->Person$0->Group$0}
A59: classroom | B59: classroom-l69-c68.result.json | C59: 5 | D59: 7 | E59: 5 | F59: 4 | G59: 6 | H59: 3 | I59: 0 | J59: 0 | K59: 186 | L59: 1318 | M59: 2073 | N59: 138 | O59: 10 | P59: 127 | Q59: Person={Person$0 | R59: Person$1}Group={Group$0}Class={Class$0 | S59: Class$1}Student={Person$0}
A60: classroom | B60: classroom-l69-c73.result.json | C60: 8 | D60: 10 | E60: 5 | F60: 4 | G60: 7 | H60: 3 | I60: 1 | J60: 2 | K60: 204 | L60: 1511 | M60: 2491 | N60: 144 | O60: 7 | P60: 135 | Q60: Person={Person$0 | R60: Person$1 | S60: Person$2}Tutors={Person$1->Person$2 | T60: Person$2->Person$0}Class={Class$0 | U60: Class$1}Teacher={Person$2}Student={Person$1}
A61: classroom | B61: classroom-l73-c32.result.json | C61: 6 | D61: 9 | E61: 5 | F61: 2 | G61: 4 | H61: 3 | I61: 1 | J61: 2 | K61: 168 | L61: 1813 | M61: 3562 | N61: 309 | O61: 15 | P61: 286 | Q61: Person={Person$0 | R61: Person$1 | S61: Person$2}Tutors={Person$0->Person$1 | T61: Person$2->Person$0}Student={Person$0}
A62: classroom | B62: classroom-l73-c42.result.json | C62: 8 | D62: 10 | E62: 5 | F62: 3 | G62: 5 | H62: 3 | I62: 1 | J62: 2 | K62: 120 | L62: 1067 | M62: 1842 | N62: 152 | O62: 10 | P62: 140 | Q62: Person={Person$0 | R62: Person$1 | S62: Person$2}Tutors={Person$0->Person$2 | T62: Person$1->Person$0}Teacher={Person$0}Student={Person$2}
A63: classroom-fol | B63: classroom-fol-l12-c20.result.json | C63: 4 | D63: 4 | E63: 5 | F63: 3 | G63: 3 | H63: 3 | I63: 0 | J63: 0 | K63: 60 | L63: 606 | M63: 1040 | N63: 42 | O63: 9 | P63: 31 | Q63: Person={Person$0}Group={Group$0}Class={Class$0}
A64: classroom-fol | B64: classroom-fol-l14-c15.result.json | C64: 4 | D64: 4 | E64: 5 | F64: 3 | G64: 3 | H64: 3 | I64: 0 | J64: 0 | K64: 60 | L64: 606 | M64: 1040 | N64: 37 | O64: 3 | P64: 32 | Q64: Person={Person$0}Group={Group$0}Class={Class$0}
A65: classroom-fol | B65: classroom-fol-l17-c22.result.json | C65: 8 | D65: 10 | E65: 5 | F65: 5 | G65: 7 | H65: 3 | I65: 1 | J65: 2 | K65: 195 | L65: 1643 | M65: 2805 | N65: 357 | O65: 22 | P65: 329 | Q65: Person={Person$0 | R65: Person$1 | S65: Person$2}Tutors={Person$0->Person$2 | T65: Person$1->Person$0}Group={Group$0}Class={Class$0}Teacher={Person$2}Student={Person$1}
A66: classroom-fol | B66: classroom-fol-l21-c26.result.json | C66: 7 | D66: 10 | E66: 5 | F66: 4 | G66: 6 | H66: 3 | I66: 1 | J66: 2 | K66: 195 | L66: 1812 | M66: 3316 | N66: 263 | O66: 14 | P66: 243 | Q66: Person={Person$0 | R66: Person$1 | S66: Person$2}Tutors={Person$0->Person$2 | T66: Person$1->Person$0}Group={Group$0}Teacher={Person$2}Student={Person$1}
A67: classroom-fol | B67: classroom-fol-l25-c22.result.json | C67: 8 | D67: 10 | E67: 5 | F67: 5 | G67: 7 | H67: 3 | I67: 1 | J67: 2 | K67: 195 | L67: 1643 | M67: 2805 | N67: 219 | O67: 10 | P67: 204 | Q67: Person={Person$0 | R67: Person$1 | S67: Person$2}Tutors={Person$0->Person$2 | T67: Person$1->Person$0}Group={Group$0}Class={Class$0}Teacher={Person$2}Student={Person$1}
A68: classroom-fol | B68: classroom-fol-l25-c47.result.json | C68: 7 | D68: 10 | E68: 5 | F68: 4 | G68: 6 | H68: 3 | I68: 1 | J68: 2 | K68: 195 | L68: 1812 | M68: 3316 | N68: 199 | O68: 8 | P68: 186 | Q68: Person={Person$0 | R68: Person$1 | S68: Person$2}Tutors={Person$0->Person$2 | T68: Person$1->Person$0}Group={Group$0}Teacher={Person$2}Student={Person$1}
A69: classroom-fol | B69: classroom-fol-l29-c22.result.json | C69: 8 | D69: 10 | E69: 5 | F69: 5 | G69: 7 | H69: 3 | I69: 1 | J69: 2 | K69: 195 | L69: 1643 | M69: 2805 | N69: 210 | O69: 9 | P69: 195 | Q69: Person={Person$0 | R69: Person$1 | S69: Person$2}Tutors={Person$0->Person$2 | T69: Person$1->Person$0}Group={Group$0}Class={Class$0}Teacher={Person$2}Student={Person$1}
A70: classroom-fol | B70: classroom-fol-l29-c38.result.json | C70: 8 | D70: 10 | E70: 5 | F70: 5 | G70: 7 | H70: 3 | I70: 1 | J70: 2 | K70: 195 | L70: 1643 | M70: 2805 | N70: 197 | O70: 10 | P70: 181 | Q70: Person={Person$0 | R70: Person$1 | S70: Person$2}Tutors={Person$1->Person$0 | T70: Person$2->Person$1}Group={Group$0}Class={Class$0}Teacher={Person$0}Student={Person$2}
A71: classroom-fol | B71: classroom-fol-l33-c14.result.json | C71: 9 | D71: 9 | E71: 5 | F71: 2 | G71: 4 | H71: 3 | I71: 2 | J71: 3 | K71: 60 | L71: 811 | M71: 1577 | N71: 147 | O71: 10 | P71: 136 | Q71: Person={Person$0 | R71: Person$1 | S71: Person$2}Tutors={Person$0->Person$2 | T71: Person$1->Person$0}Teaches={Person$2->Class$0}Class={Class$0}
A72: classroom-fol | B72: classroom-fol-l37-c38.result.json | C72: 5 | D72: 7 | E72: 5 | F72: 4 | G72: 8 | H72: 3 | I72: 0 | J72: 0 | K72: 186 | L72: 1318 | M72: 2073 | N72: 170 | O72: 9 | P72: 159 | Q72: Person={Person$0 | R72: Person$1 | S72: Person$2}Class={Class$0 | T72: Class$1}Teacher={Person$0 | U72: Person$2}Student={Person$1}
A73: classroom-fol | B73: classroom-fol-l37-c43.result.json | C73: 7 | D73: 7 | E73: 5 | F73: 3 | G73: 6 | H73: 3 | I73: 2 | J73: 4 | K73: 186 | L73: 1778 | M73: 3189 | N73: 345 | O73: 18 | P73: 326 | Q73: Person={Person$0 | R73: Person$1 | S73: Person$2}Tutors={Person$0->Person$1 | T73: Person$1->Person$2}Teaches={Person$0->Class$1 | U73: Person$2->Class$0}Class={Class$0 | V73: Class$1}Teacher={Person$2}
A74: classroom-fol | B74: classroom-fol-l41-c31.result.json | C74: 7 | D74: 8 | E74: 5 | F74: 3 | G74: 6 | H74: 3 | I74: 2 | J74: 3 | K74: 144 | L74: 1429 | M74: 2547 | N74: 317 | O74: 12 | P74: 300 | Q74: Person={Person$0 | R74: Person$1 | S74: Person$2}Tutors={Person$1->Person$2 | T74: Person$2->Person$0}Teaches={Person$1->Class$1}Class={Class$0 | U74: Class$1}Student={Person$2}
A75: classroom-fol | B75: classroom-fol-l41-c39.result.json | C75: 6 | D75: 8 | E75: 5 | F75: 3 | G75: 4 | H75: 3 | I75: 2 | J75: 2 | K75: 87 | L75: 1014 | M75: 1832 | N75: 126 | O75: 9 | P75: 115 | Q75: Person={Person$0}Teaches={Person$0->Class$1}Group={Group$0}Class={Class$0 | R75: Class$1}Groups={Class$1->Person$0->Group$0}
A76: classroom-fol | B76: classroom-fol-l45-c37.result.json | C76: 5 | D76: 8 | E76: 5 | F76: 4 | G76: 8 | H76: 3 | I76: 0 | J76: 0 | K76: 312 | L76: 2201 | M76: 3378 | N76: 213 | O76: 11 | P76: 201 | Q76: Person={Person$0 | R76: Person$1 | S76: Person$2}Class={Class$0 | T76: Class$1}Teacher={Person$0 | U76: Person$2}Student={Person$1}
A77: classroom-fol | B77: classroom-fol-l45-c43.result.json | C77: 7 | D77: 7 | E77: 5 | F77: 3 | G77: 6 | H77: 3 | I77: 2 | J77: 4 | K77: 249 | L77: 2282 | M77: 3945 | N77: 346 | O77: 23 | P77: 321 | Q77: Person={Person$0 | R77: Person$1 | S77: Person$2}Tutors={Person$1->Person$2 | T77: Person$2->Person$0}Teaches={Person$0->Class$0 | U77: Person$2->Class$1}Class={Class$0 | V77: Class$1}Teacher={Person$2}
A78: classroom-fol | B78: classroom-fol-l45-c60.result.json | C78: 5 | D78: 8 | E78: 5 | F78: 4 | G78: 8 | H78: 3 | I78: 0 | J78: 0 | K78: 312 | L78: 2201 | M78: 3378 | N78: 135 | O78: 6 | P78: 128 | Q78: Person={Person$0 | R78: Person$1 | S78: Person$2}Class={Class$0 | T78: Class$1}Teacher={Person$0 | U78: Person$2}Student={Person$1}
A79: classroom-fol | B79: classroom-fol-l45-c66.result.json | C79: 6 | D79: 10 | E79: 5 | F79: 4 | G79: 8 | H79: 3 | I79: 1 | J79: 1 | K79: 321 | L79: 2310 | M79: 3609 | N79: 234 | O79: 12 | P79: 220 | Q79: Person={Person$0 | R79: Person$1 | S79: Person$2}Teaches={Person$2->Class$1}Class={Class$0 | T79: Class$1}Teacher={Person$0 | U79: Person$2}Student={Person$1}
A80: classroom-fol | B80: classroom-fol-l49-c31.result.json | C80: 7 | D80: 8 | E80: 5 | F80: 3 | G80: 6 | H80: 3 | I80: 2 | J80: 3 | K80: 144 | L80: 1429 | M80: 2547 | N80: 187 | O80: 9 | P80: 173 | Q80: Person={Person$0 | R80: Person$1 | S80: Person$2}Tutors={Person$0->Person$1 | T80: Person$2->Person$0}Teaches={Person$1->Class$1}Class={Class$0 | U80: Class$1}Student={Person$2}
A81: classroom-fol | B81: classroom-fol-l49-c39.result.json | C81: 6 | D81: 8 | E81: 5 | F81: 3 | G81: 4 | H81: 3 | I81: 2 | J81: 2 | K81: 87 | L81: 1014 | M81: 1832 | N81: 69 | O81: 5 | P81: 63 | Q81: Person={Person$0}Teaches={Person$0->Class$1}Group={Group$0}Class={Class$0 | R81: Class$1}Groups={Class$1->Person$0->Group$0}
A82: classroom-fol | B82: classroom-fol-l53-c49.result.json | C82: 5 | D82: 8 | E82: 5 | F82: 4 | G82: 9 | H82: 3 | I82: 0 | J82: 0 | K82: 312 | L82: 2005 | M82: 3047 | N82: 215 | O82: 11 | P82: 203 | Q82: Person={Person$0 | R82: Person$1 | S82: Person$2}Group={Group$0 | T82: Group$1}Class={Class$0 | U82: Class$1}Student={Person$1 | V82: Person$2}
A83: classroom-fol | B83: classroom-fol-l53-c54.result.json | C83: 5 | D83: 7 | E83: 5 | F83: 4 | G83: 8 | H83: 3 | I83: 0 | J83: 0 | K83: 249 | L83: 1692 | M83: 2612 | N83: 154 | O83: 14 | P83: 138 | Q83: Person={Person$0 | R83: Person$1 | S83: Person$2}Group={Group$0}Class={Class$0 | T83: Class$1}Student={Person$0 | U83: Person$2}
A84: classroom-fol | B84: classroom-fol-l53-c59.result.json | C84: 4 | D84: 4 | E84: 5 | F84: 4 | G84: 5 | H84: 3 | I84: 1 | J84: 1 | K84: 114 | L84: 1365 | M84: 2501 | N84: 96 | O84: 11 | P84: 84 | Q84: Person={Person$0 | R84: Person$1}Group={Group$0}Class={Class$0}Groups={Class$0->Person$0->Group$0}Student={Person$1}
A85: classroom-fol | B85: classroom-fol-l57-c23.result.json | C85: 6 | D85: 8 | E85: 5 | F85: 3 | G85: 5 | H85: 3 | I85: 2 | J85: 3 | K85: 87 | L85: 1078 | M85: 2036 | N85: 145 | O85: 14 | P85: 129 | Q85: Person={Person$0 | R85: Person$1}Tutors={Person$0->Person$1}Teaches={Person$0->Class$1 | S85: Person$1->Class$0}Class={Class$0 | T85: Class$1}Student={Person$1}
A86: classroom-fol | B86: classroom-fol-l57-c53.result.json | C86: 7 | D86: 8 | E86: 5 | F86: 3 | G86: 6 | H86: 3 | I86: 2 | J86: 3 | K86: 144 | L86: 1429 | M86: 2547 | N86: 223 | O86: 12 | P86: 202 | Q86: Person={Person$0 | R86: Person$1 | S86: Person$2}Tutors={Person$1->Person$1 | T86: Person$2->Person$0}Teaches={Person$1->Class$1}Class={Class$0 | U86: Class$1}Student={Person$2}
A87: classroom-fol | B87: classroom-fol-l57-c61.result.json | C87: 6 | D87: 8 | E87: 5 | F87: 3 | G87: 4 | H87: 3 | I87: 2 | J87: 2 | K87: 87 | L87: 1014 | M87: 1832 | N87: 93 | O87: 5 | P87: 86 | Q87: Person={Person$0}Teaches={Person$0->Class$1}Group={Group$0}Class={Class$0 | R87: Class$1}Groups={Class$1->Person$0->Group$0}
A88: classroom-fol | B88: classroom-fol-l61-c25.result.json | C88: 9 | D88: 10 | E88: 5 | F88: 3 | G88: 5 | H88: 3 | I88: 2 | J88: 3 | K88: 126 | L88: 1195 | M88: 2181 | N88: 190 | O88: 11 | P88: 177 | Q88: Person={Person$0 | R88: Person$1 | S88: Person$2}Tutors={Person$0->Person$1 | T88: Person$1->Person$2}Teaches={Person$2->Class$0}Class={Class$0}Teacher={Person$2}
A89: classroom-fol | B89: classroom-fol-l61-c33.result.json | C89: 5 | D89: 8 | E89: 5 | F89: 3 | G89: 7 | H89: 3 | I89: 2 | J89: 3 | K89: 87 | L89: 1051 | M89: 1991 | N89: 125 | O89: 9 | P89: 113 | Q89: Person={Person$0 | R89: Person$1 | S89: Person$2}Tutors={Person$0->Person$2}Teaches={Person$0->Class$1 | T89: Person$1->Class$0}Class={Class$0 | U89: Class$1}Teacher={Person$1 | V89: Person$2}
A90: classroom-fol | B90: classroom-fol-l65-c11.result.json | C90: 10 | D90: 10 | E90: 5 | F90: 4 | G90: 6 | H90: 3 | I90: 3 | J90: 4 | K90: 60 | L90: 1249 | M90: 2495 | N90: 371 | O90: 13 | P90: 356 | Q90: Person={Person$0 | R90: Person$1 | S90: Person$2}Tutors={Person$0->Person$2 | T90: Person$1->Person$0}Teaches={Person$1->Class$0}Group={Group$0}Class={Class$0}Groups={Class$0->Person$2->Group$0}Student={Person$2}
A91: classroom-fol | B91: classroom-fol-l65-c22.result.json | C91: 5 | D91: 5 | E91: 5 | F91: 4 | G91: 5 | H91: 3 | I91: 0 | J91: 0 | K91: 60 | L91: 623 | M91: 1077 | N91: 56 | O91: 9 | P91: 45 | Q91: Person={Person$0 | R91: Person$1}Group={Group$0}Class={Class$0}Student={Person$1}
A92: classroom-fol | B92: classroom-fol-l69-c32.result.json | C92: 8 | D92: 10 | E92: 5 | F92: 5 | G92: 8 | H92: 3 | I92: 1 | J92: 2 | K92: 330 | L92: 2288 | M92: 3663 | N92: 382 | O92: 17 | P92: 358 | Q92: Person={Person$0 | R92: Person$1 | S92: Person$2}Tutors={Person$0->Person$2 | T92: Person$2->Person$0}Group={Group$0}Class={Class$0 | U92: Class$1}Teacher={Person$1}Student={Person$2}
A93: classroom-fol | B93: classroom-fol-l69-c35.result.json | C93: 6 | D93: 10 | E93: 5 | F93: 4 | G93: 6 | H93: 3 | I93: 1 | J93: 3 | K93: 228 | L93: 1896 | M93: 3297 | N93: 261 | O93: 17 | P93: 234 | Q93: Person={Person$0 | R93: Person$1 | S93: Person$2}Tutors={Person$0->Person$2 | T93: Person$1->Person$0 | U93: Person$1->Person$1}Class={Class$0}Teacher={Person$1}Student={Person$0}
A94: classroom-fol | B94: classroom-fol-l69-c43.result.json | C94: 6 | D94: 7 | E94: 5 | F94: 2 | G94: 3 | H94: 3 | I94: 2 | J94: 3 | K94: 150 | L94: 1339 | M94: 2009 | N94: 182 | O94: 10 | P94: 170 | Q94: Person={Person$0 | R94: Person$1}Tutors={Person$0->Person$0 | S94: Person$0->Person$1}Teaches={Person$1->Class$0}Class={Class$0}
A95: classroom-fol | B95: classroom-fol-l69-c65.result.json | C95: 6 | D95: 8 | E95: 5 | F95: 3 | G95: 4 | H95: 3 | I95: 2 | J95: 2 | K95: 114 | L95: 1212 | M95: 2129 | N95: 124 | O95: 9 | P95: 113 | Q95: Person={Person$0}Teaches={Person$0->Class$1}Group={Group$0}Class={Class$0 | R95: Class$1}Groups={Class$0->Person$0->Group$0}
A96: classroom-fol | B96: classroom-fol-l69-c70.result.json | C96: 5 | D96: 7 | E96: 5 | F96: 4 | G96: 6 | H96: 3 | I96: 0 | J96: 0 | K96: 186 | L96: 1318 | M96: 2073 | N96: 140 | O96: 12 | P96: 127 | Q96: Person={Person$0 | R96: Person$1}Group={Group$0}Class={Class$0 | S96: Class$1}Student={Person$0}
A97: classroom-fol | B97: classroom-fol-l69-c75.result.json | C97: 8 | D97: 10 | E97: 5 | F97: 4 | G97: 7 | H97: 3 | I97: 1 | J97: 2 | K97: 204 | L97: 1511 | M97: 2491 | N97: 165 | O97: 12 | P97: 151 | Q97: Person={Person$0 | R97: Person$1 | S97: Person$2}Tutors={Person$1->Person$2 | T97: Person$2->Person$0}Class={Class$0 | U97: Class$1}Teacher={Person$2}Student={Person$1}
A98: classroom-fol | B98: classroom-fol-l73-c31.result.json | C98: 6 | D98: 9 | E98: 5 | F98: 2 | G98: 4 | H98: 3 | I98: 1 | J98: 2 | K98: 168 | L98: 1813 | M98: 3562 | N98: 265 | O98: 13 | P98: 247 | Q98: Person={Person$0 | R98: Person$1 | S98: Person$2}Tutors={Person$0->Person$1 | T98: Person$2->Person$0}Student={Person$2}
A99: classroom-fol | B99: classroom-fol-l73-c41.result.json | C99: 8 | D99: 10 | E99: 5 | F99: 3 | G99: 5 | H99: 3 | I99: 1 | J99: 2 | K99: 120 | L99: 1067 | M99: 1842 | N99: 176 | O99: 11 | P99: 163 | Q99: Person={Person$0 | R99: Person$1 | S99: Person$2}Tutors={Person$0->Person$2 | T99: Person$2->Person$1}Teacher={Person$2}Student={Person$1}
A100: classroom-fol | B100: classroom-fol-l9-c20.result.json | C100: 5 | D100: 5 | E100: 5 | F100: 4 | G100: 5 | H100: 3 | I100: 0 | J100: 0 | K100: 60 | L100: 623 | M100: 1077 | N100: 57 | O100: 4 | P100: 50 | Q100: Person={Person$0 | R100: Person$1}Group={Group$0}Class={Class$0}Student={Person$1}
...
